match_id,duration,win_team,score_r,score_d,skill,w1,w2,w3,w4,w5,l1,l2,l3,l4,l5
6374093605,3205,0,44,35,,9,71,50,22,46,119,83,21,99,1
6374093612,2671,0,47,26,,40,75,22,99,42,105,52,44,11,35
6374093615,2172,0,66,40,,84,85,70,10,136,121,120,29,48,101
6374093618,1567,0,35,16,,34,64,48,99,35,25,26,78,94,126
6374093619,2235,0,41,30,,87,84,78,10,41,14,50,29,67,34
6374093703,2592,0,26,30,,99,25,35,1,13,105,17,29,44,112
6374093716,2929,0,42,45,,100,41,62,28,35,39,128,27,94,64
6374093717,3170,1,42,47,,35,9,83,16,104,101,97,81,79,48
6374093718,2474,1,27,30,,3,121,1,23,65,7,5,10,84,104
6374094316,2468,1,30,55,,90,128,36,95,129,14,84,99,35,63
6374094317,641,0,14,4,,81,76,84,6,121,27,8,114,104,106
6374094401,1826,1,20,54,,136,39,8,60,1,17,2,104,101,72
6374094412,1928,1,9,42,,85,62,94,86,44,9,76,74,103,35
6374094415,2715,1,43,54,,4,70,100,75,23,14,101,16,74,41
6374094418,2544,0,45,26,,120,128,58,30,52,37,98,74,26,56
6374094502,3434,1,47,50,,87,123,73,7,113,25,45,129,13,44
6374095114,1273,1,10,14,,41,44,98,121,25,71,46,8,112,28
6374095119,2173,0,32,19,,39,66,45,94,22,21,51,41,104,74
6374095210,2217,0,33,19,,104,50,48,2,114,84,40,11,20,32
6374095213,2870,0,55,29,,53,105,67,22,62,30,70,36,25,39
6374096901,2753,1,24,52,,39,87,23,88,113,102,106,97,93,22
6374096902,1377,1,16,34,,74,62,21,112,8,14,15,93,54,82
6374096904,1562,0,31,15,,85,68,35,8,11,100,26,16,65,12
6374096907,1613,0,46,12,,44,36,59,63,104,84,87,114,113,26
6374096909,2013,1,19,34,,7,86,46,96,54,25,3,42,2,21
6374096912,1167,0,24,11,,83,37,81,36,93,14,104,39,46,60
6374097009,1919,0,34,24,,83,39,21,54,23,84,10,36,114,13
6374097011,2441,0,41,29,,21,10,135,54,101,31,76,39,73,98
6374097804,2692,1,32,54,,5,26,85,17,67,76,35,105,53,56
6374097807,1704,1,16,38,,11,21,99,33,70,111,135,101,109,76
6374097808,2860,1,49,47,,50,74,1,20,22,14,101,68,119,44
6374097817,2826,0,50,35,,87,35,135,25,99,90,53,74,11,8
6374097906,1696,0,40,19,,22,136,18,27,74,49,64,71,48,126
6374097910,2747,1,44,60,,14,4,6,41,11,30,75,27,126,42
6374098609,2555,0,42,31,,123,50,99,76,42,121,22,29,41,35
6374098613,3115,1,26,56,,106,7,71,110,54,123,28,59,31,6
6374098616,1961,1,25,43,,51,36,2,42,76,33,86,28,44,74
6374098618,2144,0,46,15,,76,44,74,26,42,45,2,87,8,56
6374098619,2074,1,35,31,,110,26,71,44,52,25,111,48,136,104
6374098704,2938,0,37,35,,50,114,48,39,75,74,31,9,135,6
6374098713,1965,1,19,45,,37,26,44,97,104,99,27,63,100,18
6374098715,2272,1,36,42,,14,2,56,31,46,30,34,6,84,99
6374098717,2781,0,46,50,,136,119,76,11,12,135,86,16,1,39
6374098801,1951,0,41,24,,11,31,40,8,76,26,21,93,98,75
6374099706,2486,1,24,68,,7,75,70,135,21,5,14,23,73,11
6374099713,1936,1,15,40,,84,40,104,74,6,36,26,121,93,15
6374099719,3002,0,36,34,,8,114,98,105,56,96,135,21,45,70
6374099816,3083,1,28,41,,9,29,48,17,7,103,84,72,129,86
6374099900,2180,0,53,22,,27,98,100,34,18,104,74,93,33,136
6374099902,2693,1,40,52,,85,109,4,13,79,33,74,19,68,7
6374099904,3680,1,62,50,,112,41,5,11,96,126,33,106,32,42
6374099905,3032,0,63,52,,71,99,33,6,64,21,72,46,136,40
6374099908,2346,0,46,23,,86,51,98,74,48,7,28,62,35,64
6374100503,4813,0,69,71,,5,2,17,75,16,35,68,29,123,6
6374100509,2287,0,40,32,,27,21,86,10,98,97,29,7,84,12
6374100510,2406,1,36,42,,27,50,1,22,42,85,30,98,48,21
6374100516,2019,0,37,30,,84,5,52,74,1,10,22,28,39,102
6374100518,2741,1,39,50,,31,87,13,42,2,17,14,104,8,39
6374100519,2540,1,51,49,,25,30,98,42,75,40,16,8,26,6
6374100602,2101,1,27,50,,22,97,91,8,11,84,88,44,42,126
6374100604,3373,0,55,60,,100,26,1,13,129,136,97,86,4,49
6374100616,2538,0,41,27,,71,27,17,99,10,9,50,32,2,13
6374101506,1764,1,8,27,,83,5,104,67,34,41,101,93,110,73
6374101507,2174,0,52,29,,14,70,43,104,128,64,101,75,53,44
6374101508,2427,1,43,65,,27,126,22,135,93,14,86,23,84,104
6374101607,2548,1,38,46,,128,3,129,48,106,9,121,42,34,62
6374101612,1386,1,7,27,,75,99,93,63,52,58,96,44,68,17
6374102301,2217,1,19,38,,44,38,32,54,69,27,93,99,113,48
6374102304,1820,0,36,22,,31,63,99,94,114,91,121,87,16,70
6374102306,2832,0,43,28,,84,71,129,72,21,47,86,45,67,126
6374102311,2161,0,55,31,,68,84,35,69,126,85,112,83,8,74
6374102314,2449,1,36,54,,85,63,21,1,34,30,129,26,93,74
6374102406,3395,0,52,57,,25,20,103,93,126,100,68,104,17,63
6374102407,1815,0,49,24,,101,107,71,56,99,120,7,105,44,47
6374102409,2706,0,43,43,,68,110,126,136,41,21,8,121,103,106
6374102417,1347,1,15,42,,71,87,44,76,2,9,50,100,74,70
6374102419,2810,1,36,41,,27,73,86,6,81,26,104,53,41,20
6374103009,2168,0,34,22,,84,128,44,104,39,75,30,62,11,70
6374103016,2600,0,59,40,,11,104,57,8,36,119,5,6,59,101
6374103111,2578,0,52,36,,59,14,86,23,93,126,7,27,70,98
6374103114,2907,0,39,33,,121,101,54,23,22,86,105,104,76,93
6374103116,1736,1,6,53,,71,30,54,35,62,40,6,9,50,23
6374103117,1642,0,41,17,,14,27,42,41,13,25,71,53,8,23
6374103118,3978,1,57,78,,9,51,39,44,2,121,31,6,81,23
6374103912,2685,1,42,43,,9,21,49,30,41,50,121,45,44,96
6374104004,4156,1,61,56,,129,87,98,54,35,14,29,41,74,114
6374104007,2687,1,55,51,,27,9,15,43,67,76,64,53,6,17
6374104014,2046,0,68,28,,123,14,28,126,63,136,112,68,16,8
6374104500,2553,1,33,37,,30,75,44,9,16,64,5,100,17,93
6374104506,3017,0,55,51,,27,51,34,29,41,97,75,70,78,126
6374104510,2249,1,25,46,,84,39,100,3,94,2,75,32,85,16
6374104518,2721,1,33,73,,88,30,4,85,25,40,119,35,71,41
6374104519,2211,0,47,17,,71,99,22,63,25,26,35,129,74,1
6374104601,1897,0,36,26,,40,45,14,95,11,9,35,42,41,73
6374104603,2375,0,65,47,,14,44,76,60,63,87,100,2,70,26
6374105101,2099,1,20,40,,86,114,43,6,104,62,64,8,128,35
6374105103,2261,0,42,37,,27,64,21,94,109,15,71,26,69,104
6374105109,3744,1,70,63,,51,121,17,1,98,62,86,42,72,94
6374105112,1534,1,10,21,,112,73,50,98,89,62,5,95,105,97
6374105113,2135,1,21,38,,76,28,62,84,8,21,14,94,11,19
6374105115,2217,1,28,42,,128,99,54,84,6,22,39,83,104,95
6374105204,2706,0,45,43,,35,56,83,10,36,71,29,44,7,74
6374105205,2477,0,46,25,,100,75,21,28,67,36,35,98,41,5
6374105403,2709,0,38,27,,86,59,96,41,13,64,2,79,93,35
6374105405,2482,1,35,72,,123,41,14,23,22,86,88,129,70,13
6374105412,1470,0,31,6,,31,72,21,12,128,123,47,90,93,11
6374105413,2452,0,48,26,,74,40,51,23,41,60,84,1,35,7
6374105415,2100,1,7,31,,128,50,34,30,44,64,43,94,41,106
6374105500,2534,1,40,39,,84,88,48,54,10,75,135,14,35,70
6374105507,2471,1,36,46,,57,59,62,44,17,111,39,25,49,12
6374105509,1716,0,48,21,,112,86,75,41,114,64,128,101,27,6
6374105605,3688,0,44,44,,50,34,73,35,41,75,85,71,8,76
6374105801,2458,1,36,51,,86,27,93,110,11,30,37,41,104,136
6374105900,2022,0,38,17,,68,105,42,59,13,22,123,35,101,1
6374105917,2200,0,39,40,,119,48,128,120,2,68,95,69,106,98
6374106400,2133,0,49,18,,39,81,68,34,67,59,83,48,7,35
6374106406,2637,0,52,31,,114,5,87,14,8,3,104,46,32,74
6374106409,1776,1,20,35,,9,68,120,42,45,74,64,104,39,70
6374106411,2346,1,37,42,,123,25,5,97,48,35,27,49,39,30
6374106414,2225,0,56,18,,87,14,128,41,101,121,36,35,53,44
6374106417,2040,0,28,25,,91,33,21,49,6,136,80,63,44,97
6374106510,2461,0,28,36,,62,14,70,35,38,76,29,4,105,36
6374106512,2972,0,34,27,,128,120,50,114,23,110,49,21,67,126
6374107301,3816,0,65,55,,22,12,59,111,4,87,36,16,41,7
6374107302,4001,0,62,64,,70,87,113,63,4,14,83,28,93,101
6374107402,2390,1,22,45,,76,26,89,104,48,3,35,96,54,80
6374107403,2102,1,35,41,,86,98,128,54,10,26,104,136,81,8
6374107411,2512,1,26,37,,4,35,13,16,71,14,5,62,42,121
6374107417,2783,1,24,38,,112,28,71,63,47,50,26,102,6,109
6374108002,2605,0,58,29,,27,43,6,4,94,35,29,105,71,13
6374108003,1904,0,26,8,,128,50,89,97,42,38,70,36,52,27
6374108007,2563,0,43,40,,84,63,126,79,113,87,114,96,71,59
6374108013,2205,0,37,28,,86,85,108,48,76,101,68,104,25,10
6374108102,2065,0,49,22,,75,22,103,39,48,101,85,15,35,18
6374108113,3250,0,60,59,,40,87,2,35,93,5,128,62,9,6
6374108116,2445,0,36,18,,83,110,16,48,114,53,75,73,44,39
6374108713,2711,1,37,46,,84,114,60,136,106,26,54,21,9,47
6374108714,3352,0,47,53,,27,5,29,4,67,9,30,129,23,95
6374108715,2673,0,52,39,,121,70,62,94,40,103,83,44,23,65
6374108718,2252,1,25,54,,63,9,40,39,93,83,7,8,54,22
6374108804,1991,1,26,46,,70,11,33,85,26,102,106,71,44,86
6374108810,3116,1,55,57,,14,64,84,29,1,27,93,62,35,22
6374108811,2457,1,35,37,,39,69,89,45,15,28,120,26,135,46
6374108817,1585,1,7,30,,64,128,16,13,6,26,39,108,71,1
6374108818,2009,1,26,49,,50,79,87,44,46,123,31,83,94,23
6374109505,3598,1,52,68,,121,14,47,64,94,86,2,30,113,73
6374109506,2030,0,40,27,,25,31,126,129,73,26,114,78,93,76
6374109508,2325,1,21,68,,21,59,83,22,114,90,44,69,68,48
6374109510,2150,0,46,28,,83,87,21,104,10,26,14,74,8,97
6374109512,1877,0,37,23,,129,68,126,102,8,27,6,84,74,104
6374109513,1491,0,28,0,,48,98,76,39,9,26,41,84,42,43
6374109517,2344,0,45,29,,128,55,64,42,13,123,121,33,94,65
6374109518,3195,0,42,28,,14,36,87,114,6,35,98,93,69,53
6374109602,1575,1,9,34,,1,26,121,9,46,27,64,41,104,106
6374109611,2379,1,39,39,,62,136,34,47,54,84,48,86,120,22
6374109615,3149,1,53,67,,71,1,30,62,34,40,119,39,11,96
6374110300,2376,1,32,48,,84,62,106,28,8,22,119,126,114,29
6374110312,2266,0,34,32,,53,105,44,17,14,99,20,2,63,74
6374110313,2528,0,47,34,,21,83,45,67,32,74,22,119,8,16
6374110408,2720,0,39,40,,35,37,85,1,98,119,107,12,45,43
6374110417,2365,0,50,24,,34,83,56,11,75,88,3,129,1,59
6374110419,2653,0,41,34,,94,95,43,126,58,35,62,42,16,73
6374111102,1923,0,47,17,,128,104,70,84,65,110,25,108,109,21
6374111114,2538,0,45,40,,121,84,48,35,2,97,50,32,81,95
6374111116,895,1,0,14,,26,101,63,70,126,128,14,136,8,19
6374111814,3673,1,38,56,,39,105,71,12,9,26,86,59,95,21
6374111819,1837,0,29,19,,104,84,46,112,44,105,64,14,73,54
6374111902,3992,0,61,56,,31,37,1,71,76,40,35,22,114,123
6374111907,2137,1,27,51,,9,64,93,129,76,21,27,96,34,41
6374111918,2796,0,58,56,,34,7,85,83,6,14,136,30,21,42
6374112603,2204,0,61,23,,105,40,97,93,14,30,35,3,42,54
6374112605,2477,1,36,44,,26,14,54,16,41,25,104,33,13,94
6374112609,3190,1,60,49,,62,79,73,114,75,44,63,74,5,9
6374112618,2866,1,29,34,,36,50,47,94,120,105,112,48,96,88
6374112702,1853,1,13,45,,83,33,126,129,97,3,84,1,16,46
6374112705,782,0,4,2,,114,90,7,110,10,60,135,136,91,8
6374112706,2776,0,61,48,,84,19,18,69,21,64,50,71,41,49
6374112707,2349,1,31,55,,3,71,39,29,8,84,129,100,106,12
6374112712,2788,1,33,57,,14,64,74,99,70,96,52,8,87,76
6374112801,2788,1,32,44,,87,50,58,36,2,41,63,14,17,25
6374113203,2725,0,67,48,,9,119,62,46,93,105,87,36,44,64
6374113211,1794,0,24,20,,27,18,22,102,13,30,76,8,104,71
6374113212,1978,1,25,45,,26,39,23,110,27,88,5,1,129,45
6374113306,2639,1,24,40,,74,93,104,84,33,83,70,53,98,36
6374113308,2762,0,47,47,,9,31,67,129,36,86,27,23,70,3
6374113312,2336,0,41,34,,74,71,36,40,72,37,99,42,13,101
6374114002,1930,0,52,21,,14,136,100,63,15,53,84,60,121,41
6374114006,2176,1,23,55,,30,7,120,35,106,5,26,96,67,126
6374114108,2111,1,31,48,,136,3,23,35,41,68,121,126,36,44
6374114109,3184,1,50,38,,59,74,28,64,48,86,71,2,17,18
6374114111,1904,1,21,38,,27,84,104,74,42,26,106,1,23,36
6374114112,2549,0,60,35,,109,14,126,86,121,27,30,114,10,48
6374114906,1527,1,6,18,,9,27,74,81,8,104,47,121,93,39
6374114915,2428,1,45,43,,106,121,75,42,70,84,7,22,60,10
6374114917,2629,1,42,52,,14,121,29,18,6,87,71,33,76,10
6374114918,2337,0,58,37,,121,14,26,28,1,107,25,94,29,53
6374115000,2630,1,34,52,,50,60,74,22,70,68,63,42,71,76
6374115018,2166,1,24,41,,79,90,120,42,34,26,111,129,44,106
6374115019,2787,1,35,58,,86,70,26,98,19,71,87,34,44,119
6374115108,2550,1,25,34,,26,97,85,94,23,88,71,46,90,93
6374115604,1726,0,38,33,,107,5,39,35,99,129,21,114,16,1
6374115619,1943,0,22,17,,27,129,48,96,34,14,64,74,9,8
6374115701,2096,0,37,20,,7,105,15,41,13,40,8,86,129,76
6374115703,1558,0,36,13,,135,68,36,6,39,31,88,97,8,85
6374115709,1857,1,19,37,,119,5,8,97,106,45,121,64,44,76
6374116108,2347,0,43,28,,74,26,51,10,13,101,87,70,60,39
6374116117,2915,1,34,41,,90,74,99,44,33,100,81,39,11,98
6374116118,3130,1,44,33,,64,78,62,94,11,128,102,32,75,49
6374116204,2328,1,29,38,,68,19,97,44,76,87,107,54,62,7
6374116803,2454,1,40,41,,136,35,50,48,99,119,94,30,103,81
6374116813,2525,1,25,53,,7,18,4,32,101,33,53,8,38,10
6374116815,1891,1,14,36,,86,71,47,63,62,27,98,3,23,94
6374116905,1320,0,36,14,,40,9,49,84,35,58,75,8,72,13
6374116907,2528,0,39,32,,128,15,6,94,18,14,68,45,76,70
6374116908,2874,0,44,45,,54,42,7,71,96,30,55,104,19,2
6374116910,2282,0,43,24,,32,31,25,13,10,71,30,11,15,28
6374117703,3971,0,47,31,,33,35,135,70,15,101,88,12,76,89
6374117704,2213,0,45,31,,105,26,50,44,67,35,39,68,42,112
6374117707,2553,1,24,29,,50,123,36,10,1,14,49,119,89,35
6374117708,1626,1,19,29,,106,128,80,112,12,87,14,38,11,10
6374117710,2271,0,43,35,,87,31,99,97,8,64,71,9,48,76
6374117713,2330,0,45,32,,36,15,8,21,45,75,44,97,31,33
6374117803,2119,0,55,20,,93,26,100,39,36,84,3,103,56,4
6374117806,2074,1,44,44,,14,101,92,113,11,34,9,62,71,56
6374117807,2037,0,57,31,,34,30,85,10,104,84,123,39,99,41
6374117808,2120,1,24,40,,50,128,2,89,34,107,20,62,7,48
6374117809,2682,0,54,62,,3,136,2,35,74,107,86,70,81,106
6374117816,2237,1,26,49,,26,99,63,8,35,44,86,4,5,17
6374118607,1963,1,31,29,,110,90,42,129,126,50,86,21,70,37
6374118618,3293,1,38,60,,22,26,2,46,41,105,35,27,96,70
6374118706,1998,1,19,48,,74,76,42,86,70,22,26,129,104,126
6374118709,4648,0,60,79,,26,16,54,112,17,30,22,87,33,41
6374118711,3382,0,71,60,,71,98,5,34,123,26,70,129,27,97
6374119510,2961,0,48,34,,64,44,27,39,104,119,71,128,109,22
6374119517,2567,1,30,41,,101,26,42,1,22,7,20,75,9,12
6374119518,4208,0,53,45,,9,68,93,16,106,3,84,2,42,22
6374119609,2848,1,56,47,,121,110,29,49,10,44,27,25,51,19
6374119610,1432,1,13,25,,97,64,60,93,35,57,40,112,54,106
6374119616,2972,1,22,36,,50,37,16,22,73,62,31,53,93,45
6374119617,2850,1,28,31,,83,57,129,95,75,135,63,45,126,94
6374120500,1541,0,31,11,,9,87,8,99,97,62,105,7,41,39
6374120509,1875,1,25,37,,84,55,27,44,11,5,14,74,48,36
6374120512,2509,1,40,36,,58,7,109,13,104,14,112,42,73,67
6374120517,3596,0,63,53,,71,30,68,54,106,84,108,6,104,74
6374120518,1991,0,55,38,,112,16,35,96,70,68,114,8,108,136
6374120519,1880,1,17,44,,63,75,2,128,70,71,86,1,99,78
6374120600,1839,1,21,46,,79,39,93,27,29,26,30,41,23,78
6374120611,2553,1,45,43,,30,11,26,76,71,112,123,98,6,126
6374120613,2198,1,26,32,,14,21,37,48,94,80,104,101,102,39
6374121601,3537,1,49,62,,123,31,70,52,112,48,128,33,62,23
6374121605,3658,1,34,62,,14,26,96,70,21,85,20,8,62,25
6374121608,2253,1,23,50,,21,87,32,56,42,101,97,62,48,23
6374121613,1851,0,41,11,,85,31,5,42,39,16,76,59,64,54
6374121614,1769,1,8,41,,121,26,76,96,93,39,97,29,94,34
6374121619,2695,0,56,43,,83,93,7,104,75,26,39,84,16,54
6374121700,2857,1,39,64,,14,3,78,93,1,5,108,98,126,44
6374121712,4062,1,34,46,,22,99,63,84,7,123,44,61,109,27
6374122714,2101,0,48,47,,14,53,93,26,120,111,5,96,71,6
6374122716,2269,1,35,51,,108,64,41,9,65,112,30,42,59,49
6374122801,2786,1,35,35,,63,31,99,95,46,83,111,13,120,94
6374122802,2861,1,29,38,,121,101,44,42,98,72,11,50,14,94
6374122804,2759,1,20,39,,100,33,9,2,1,83,94,81,126,54
6374122805,3111,1,61,68,,105,51,98,35,53,121,76,44,71,81
6374122806,2692,0,48,31,,30,101,59,72,46,42,51,123,34,93
6374122810,2005,0,48,21,,74,120,6,41,97,135,21,64,4,114
6374122900,1193,1,10,31,,136,40,48,59,100,74,88,129,23,42
6374122902,2939,1,34,54,,51,5,42,75,17,101,58,44,2,11
6374122903,3563,1,68,56,,27,14,100,12,112,35,21,119,84,126
6374123815,2053,1,21,51,,83,19,96,8,90,31,94,104,20,63
6374123816,2294,1,39,43,,9,30,41,80,104,26,13,92,97,42
6374123907,2922,1,34,69,,108,35,8,27,126,100,136,68,94,93
6374123911,3257,0,54,44,,25,74,2,5,62,71,119,11,28,35
6374124700,1932,0,44,32,,72,64,106,98,8,71,69,120,68,1
6374124702,3035,0,43,45,,37,90,98,22,94,64,2,6,62,13
6374124711,1865,0,50,14,,50,79,60,76,6,53,14,63,57,1
6374124712,2334,1,22,48,,90,75,22,10,19,35,56,59,32,3
6374124713,3987,1,67,60,,110,72,51,32,21,87,18,44,35,33
6374124814,2740,0,57,26,,14,6,35,87,47,40,26,67,94,86
6374124815,3277,0,49,38,,27,41,53,46,2,25,52,108,94,35
6374124819,3261,0,57,52,,35,30,60,93,94,14,3,6,17,126
6374125600,2553,0,42,21,,101,26,2,17,56,128,31,9,6,11
6374125616,1847,0,37,13,,135,104,53,101,22,36,21,95,84,74
6374125617,2075,0,43,21,,112,64,104,23,34,63,79,62,35,42
6374125700,2338,1,33,50,,26,3,104,39,8,74,9,96,31,94
6374125710,3327,0,43,40,,73,74,34,21,41,85,6,106,8,75
6374125711,1900,1,23,45,,83,97,27,93,75,3,14,99,54,76
6374126401,2402,1,30,54,,123,83,93,42,17,30,100,6,4,120
6374126409,3019,1,40,58,,14,22,90,16,12,30,64,27,71,48
6374126411,2244,0,42,28,,129,26,74,75,99,25,86,17,11,44
6374126416,4593,1,75,69,,83,123,63,44,39,75,22,126,114,25
6374127205,3284,0,54,52,,75,41,35,25,42,21,105,64,126,18
6374127207,2133,0,39,18,,84,33,57,126,6,71,112,42,15,120
6374127219,1893,0,46,23,,75,33,11,129,44,16,121,10,21,76
6374127908,2063,0,55,19,,71,121,1,22,136,102,75,98,10,104
6374127911,2490,1,28,53,,14,11,9,112,84,94,76,4,71,21
6374127912,2972,0,67,43,,14,40,67,96,50,53,26,83,84,73
6374127914,1586,1,14,52,,71,75,10,51,85,30,35,26,44,39
6374127919,1889,1,11,29,,99,44,90,25,22,64,35,36,16,70
6374128007,1185,0,14,14,,105,35,88,40,119,17,5,9,74,70
6374128015,2053,1,22,36,,31,79,14,8,35,84,112,25,97,93
6374128017,2354,0,59,43,,105,56,16,40,14,3,128,49,51,42
6374129709,1856,1,25,46,,99,86,121,25,11,126,19,107,104,76
6374129711,2822,1,32,52,,28,6,88,101,113,2,14,13,12,62
6374129802,3076,1,38,49,,8,23,22,49,47,42,99,6,14,26
6374130514,1673,0,57,9,,64,81,20,22,70,68,34,18,36,2
6374130518,1907,0,36,19,,3,88,15,65,42,121,30,48,69,39
6374130606,2555,0,63,31,,68,30,102,106,70,5,86,76,94,16
6374134306,2342,0,50,29,,48,102,10,1,62,63,74,44,86,104
6374134403,3278,1,55,52,,112,21,26,71,4,128,34,105,104,44
6374134416,1708,1,19,33,,14,27,8,7,36,26,129,44,50,73
6374135106,2666,0,47,36,,14,75,68,8,13,123,3,129,11,74
6374135107,3013,0,51,45,,26,123,98,8,34,14,64,84,106,6
6374135108,2932,1,40,55,,63,68,98,34,93,108,13,84,39,54
6374135110,2157,0,55,31,,86,3,46,60,10,72,7,38,39,54
6374135111,2304,0,36,19,,62,4,10,51,6,128,26,48,29,11
6374135113,2528,0,58,31,,105,75,71,47,99,74,53,35,73,81
6374135115,2600,1,48,45,,5,39,60,12,13,83,74,135,76,4
6374135203,2182,0,59,24,,14,68,16,48,74,21,25,96,35,44
6374135805,2696,0,45,33,,79,71,104,17,1,64,40,42,26,21
6374135807,3033,1,40,34,,85,48,50,129,42,11,35,47,4,70
6374135808,2036,0,49,15,,14,98,88,63,34,74,33,11,76,75
6374135812,1740,0,21,11,,123,60,11,41,89,106,6,63,100,88
6374135815,3574,0,65,59,,101,14,62,36,35,83,103,60,6,126
6374135905,1985,1,21,38,,47,10,29,54,84,9,67,87,100,62
6374135906,2485,1,32,33,,40,86,11,51,52,45,64,8,99,35
6374135907,2420,1,33,58,,71,26,99,39,42,64,21,98,67,34
6374135916,1862,0,32,22,,91,26,48,56,96,14,49,128,1,74
6374135917,2781,0,58,47,,33,18,93,75,35,27,87,101,104,51
6374135918,2066,0,59,27,,26,87,70,29,25,2,136,104,93,126
6374135919,2438,0,49,34,,63,136,41,129,36,123,64,99,14,44
6374136705,2696,1,29,30,,26,109,110,55,47,123,94,85,23,56
6374136707,2036,1,19,41,,71,55,121,44,8,74,50,11,20,70
6374136712,2178,0,58,29,,97,83,2,106,48,86,102,7,17,10
6374136800,1894,0,41,24,,3,63,76,71,48,103,27,129,81,13
6374136801,2272,1,34,41,,85,68,121,21,70,50,128,136,8,76
6374136803,2220,1,23,50,,14,42,88,68,70,112,51,110,95,71
6374136819,2116,0,40,18,,119,8,96,5,98,27,62,1,136,17
6374137201,2217,1,31,39,,90,119,135,44,15,71,54,87,76,75
6374137216,3061,0,53,51,,21,31,97,70,114,14,99,101,74,41
6374137219,1766,1,21,48,,112,26,71,8,126,62,31,14,44,65
6374137301,3033,0,61,56,,27,72,28,25,109,14,121,40,114,84
6374137307,2052,1,27,53,,52,88,15,81,128,63,99,8,50,51
6374137312,1946,1,37,47,,9,51,28,44,17,74,27,8,104,35
6374137314,2149,1,26,39,,86,49,36,8,113,42,25,50,71,126
6374137401,2158,0,37,25,,62,112,97,93,23,39,71,3,9,44
6374137902,1660,1,6,29,,14,3,54,26,123,100,55,44,29,11
6374137904,2286,0,42,24,,87,91,42,35,16,104,5,33,6,38
6374137905,2833,0,47,27,,108,57,50,22,93,14,84,2,37,44
6374137912,2353,0,38,24,,105,75,76,107,56,39,119,54,40,22
6374137913,3190,0,40,42,,5,14,102,34,8,86,9,129,44,97
6374138112,2627,0,45,35,,105,74,97,87,11,119,104,42,31,39
6374138202,2518,1,18,37,,121,69,97,93,51,84,26,81,48,6
6374138209,3816,1,49,58,,14,121,75,25,94,7,12,112,69,35
6374138211,2895,1,34,44,,22,27,23,8,50,48,13,88,47,67
6374138212,2383,1,30,58,,21,7,110,54,15,60,47,70,40,39
6374138215,2556,0,28,27,,50,30,99,42,11,22,76,71,18,39
6374138601,2933,0,45,33,,73,47,55,68,12,67,80,22,25,104
6374138602,2378,1,24,31,,113,33,64,54,70,40,14,93,135,11
6374138607,2897,1,33,46,,114,6,26,7,36,63,27,71,93,74
6374138611,1987,1,19,44,,136,30,81,104,74,71,19,84,36,94
6374138703,2798,0,37,19,,108,9,41,81,76,62,1,22,14,47
6374138705,1898,0,63,15,,136,63,44,26,106,126,102,81,53,13
6374139212,2855,0,70,43,,16,37,46,22,25,62,47,44,68,65
6374139313,3465,1,45,62,,72,5,14,4,128,119,64,21,48,47
6374139314,2695,1,23,62,,14,101,7,89,50,104,12,44,113,2
6374139315,2467,0,56,18,,13,74,14,126,119,27,84,54,21,41
6374140102,2500,1,51,33,,74,31,64,94,40,107,39,46,101,93
6374140104,3260,0,54,56,,64,87,81,34,49,84,20,72,56,126
6374140111,2215,1,31,36,,136,69,27,43,1,34,64,29,91,114
6374140112,1510,0,26,16,,86,84,129,70,94,26,83,99,41,13
6374140113,2598,0,41,33,,14,53,4,93,51,79,37,67,98,126
6374140115,1652,0,40,26,,62,84,34,98,41,74,136,26,13,114
6374140116,1533,0,32,23,,123,26,129,4,59,85,71,9,41,13
6374140200,2918,1,45,48,,91,76,14,67,42,84,28,106,50,1
6374140201,3702,1,37,57,,84,26,9,28,106,58,31,1,35,15
6374140209,1763,1,14,58,,128,85,25,68,6,30,46,79,8,29
6374140708,2156,0,53,30,,40,50,114,36,101,71,86,17,66,70
6374140717,2034,1,18,27,,123,26,48,64,11,5,84,1,28,74
6374140806,2585,0,45,54,,37,99,7,23,6,14,84,1,28,26
6374140808,3793,0,38,54,,65,86,49,1,17,30,21,101,81,8
6374140819,2555,0,40,35,,25,27,2,8,75,86,21,93,49,74
6374141503,3151,1,52,44,,123,27,54,81,75,5,39,29,8,35
6374141505,1936,1,37,56,,5,40,16,76,44,121,26,25,1,73
6374141506,2827,1,31,40,,14,57,15,32,106,26,21,2,93,126
6374141512,2969,0,26,30,,16,26,108,18,43,9,50,2,25,113
6374141513,2192,1,37,27,,83,14,81,42,22,47,119,16,63,21
6374141607,2517,0,32,35,,110,119,99,1,6,136,14,26,85,4
6374141612,3091,1,41,54,,106,35,84,19,13,126,6,27,101,95
6374142303,2863,1,38,38,,35,26,5,38,11,39,28,13,54,105
6374142306,2311,1,38,37,,97,22,64,109,45,40,23,8,104,59
6374142411,2400,0,48,18,,121,26,45,13,9,27,75,70,10,82
6374142412,1581,1,17,18,,135,83,86,47,32,14,70,79,128,23
6374142413,3146,0,55,56,,14,30,57,44,13,40,5,51,43,76
6374143010,3005,0,57,42,,101,30,98,44,74,18,40,35,129,23
6374143011,2387,0,44,25,,83,121,129,73,6,40,9,63,70,78
6374143013,2392,0,32,15,,53,94,47,48,25,14,34,21,76,103
6374143112,2148,1,25,36,,87,76,44,89,16,27,86,2,46,18
6374143119,1917,1,27,53,,62,50,39,63,67,14,93,107,96,121
6374143807,2180,1,23,47,,35,27,76,21,2,6,104,20,67,32
6374143812,2767,1,43,55,,14,25,19,54,75,17,34,62,5,81
6374143903,2183,1,27,43,,62,110,107,35,70,37,14,119,8,39
6374143904,2270,0,30,40,,88,20,10,15,104,75,21,23,73,95
6374143906,2008,1,27,33,,83,71,86,54,61,26,136,6,4,126
6374144600,1689,1,19,44,,84,26,48,36,35,3,64,6,102,17
6374144602,1998,0,48,25,,34,88,84,55,109,26,63,23,1,22
6374144603,2059,0,44,29,,84,26,16,114,13,128,74,21,85,41
6374144605,2426,1,24,52,,31,57,60,35,41,87,81,110,136,34
6374144606,2155,0,55,23,,14,26,1,135,34,40,84,36,51,10
6374144607,2597,1,38,43,,27,6,83,84,23,14,32,26,3,52
6374144613,2504,0,48,40,,14,35,74,99,41,26,104,129,63,76
6374144615,2552,1,40,52,,119,64,104,42,17,121,31,44,99,126
6374144617,1865,0,41,21,,14,71,63,10,56,50,26,97,48,86
6374144619,1901,1,22,28,,128,31,15,89,94,102,42,105,97,93
6374144718,2189,1,13,36,,68,104,22,75,4,50,21,39,29,11
6374144719,1589,0,38,6,,74,3,135,54,76,92,84,96,44,17
6374145401,2333,0,41,31,,84,96,101,6,17,14,99,104,35,93
6374145414,2013,0,46,30,,96,63,84,54,74,91,105,14,70,36
6374145502,2840,1,37,53,,84,42,33,28,35,110,87,44,14,69
6374145916,2953,1,43,50,,14,26,99,74,46,71,36,9,59,54
6374146004,2571,0,67,29,,31,68,72,100,135,5,92,40,2,8
6374146107,2796,0,67,47,,14,121,41,129,22,99,123,39,35,46
6374146803,2785,0,44,20,,21,86,87,70,69,75,62,53,13,42
6374146813,2153,1,22,39,,71,5,28,72,21,23,62,68,42,36
6374146814,2689,0,63,35,,9,86,78,44,15,71,68,81,13,8
6374146919,3291,0,40,57,,34,1,47,22,42,40,35,8,62,4
6374147700,2786,1,31,49,,48,71,108,32,126,14,112,106,104,94
6374147703,3225,0,39,24,,25,13,29,6,35,26,3,76,60,1
6374147713,2238,1,30,36,,30,25,35,42,96,37,14,49,59,17
6374147802,2178,0,36,23,,84,30,1,23,126,25,50,29,54,13
6374147803,2578,0,60,42,,21,40,5,94,93,14,30,98,74,95
6374147804,2077,1,22,41,,14,76,123,9,63,84,121,8,48,5
6374147816,2327,1,29,69,,87,93,34,26,114,86,23,31,59,1
6374148404,4424,0,35,41,,37,136,64,6,23,108,128,31,47,70
6374148406,2339,1,33,49,,121,14,8,120,76,62,98,87,39,41
6374148407,1479,1,8,22,,62,87,15,76,48,90,110,18,102,13
6374148408,1764,0,36,16,,71,68,93,60,34,72,26,42,126,81
6374148411,2998,1,46,57,,40,84,47,98,75,72,48,86,39,81
6374148414,2213,1,32,46,,14,19,98,30,59,84,136,42,38,76
6374148416,2481,0,56,38,,74,76,64,107,99,86,3,12,11,104
6374148500,3298,1,46,52,,5,13,126,85,18,14,79,75,109,39
6374148504,1606,0,44,24,,40,84,15,72,39,26,86,69,1,27
6374148901,1957,1,30,37,,51,84,42,44,34,136,37,70,129,43
6374148911,2995,1,38,34,,42,59,2,112,47,69,50,7,109,76
6374148915,2129,1,25,53,,14,64,70,43,32,104,26,75,93,25
6374148916,2633,1,39,47,,27,111,35,29,44,47,41,7,13,18
6374148918,2079,0,39,23,,14,26,59,81,8,76,46,129,42,22
6374149001,3447,1,41,46,,7,20,104,44,76,30,123,99,6,18
6374149003,1719,0,55,24,,5,35,71,79,67,100,60,29,44,59
6374149008,2074,1,19,34,,87,74,71,109,106,136,9,135,12,13
6374149011,2300,0,34,34,,107,100,4,48,36,97,26,86,96,104
6374149516,2136,0,40,24,,86,8,110,22,6,105,14,12,16,59
6374149600,1549,0,27,22,,30,7,42,80,104,26,51,74,63,95
6374149607,2482,1,36,36,,121,57,99,41,28,90,84,8,2,36
6374149610,1744,1,18,37,,34,87,71,48,94,35,3,67,90,101
6374149612,3137,1,32,59,,126,4,101,29,14,7,5,30,54,94
6374149615,1394,0,38,14,,107,55,136,48,74,83,63,33,10,59
6374149706,1126,0,18,8,,50,106,86,48,93,14,136,3,6,36
6374150408,2946,0,39,35,,107,86,36,54,32,85,7,26,46,94
6374150419,1824,1,15,32,,84,31,104,53,8,27,102,44,14,34
6374150502,1526,0,53,18,,119,50,86,98,8,14,121,84,109,2
6374150503,2141,0,51,39,,71,27,15,34,54,14,64,59,44,46
6374150507,2998,0,55,45,,85,21,70,39,26,41,126,107,98,128
6374150516,2521,1,27,42,,26,62,48,19,101,74,31,39,29,44
6374150517,2174,1,24,33,,68,9,29,76,44,63,59,123,20,8
6374150601,2257,0,42,24,,50,123,120,6,76,14,68,63,32,74
6374151313,2112,0,38,24,,35,64,78,12,43,63,84,42,44,17
6374151316,3428,1,53,47,,26,40,30,41,94,68,25,59,42,22
6374151317,2047,0,38,22,,75,47,68,120,102,129,112,41,21,110
6374151402,2625,0,37,34,,63,75,81,126,12,9,23,32,25,39
6374151404,2846,0,67,40,,60,27,86,33,67,14,17,16,53,114
6374151407,1734,1,16,27,,14,83,68,44,11,86,79,98,41,39
6374151408,3483,0,49,51,,9,72,42,36,10,44,96,26,83,34
6374151507,2412,0,52,15,,62,22,14,85,36,40,83,101,99,94
6374152206,1749,1,16,45,,14,64,17,129,73,23,79,107,48,74
6374152214,2503,0,49,51,,14,27,43,48,39,30,9,129,93,75
6374152215,2092,0,50,31,,15,111,22,100,93,31,30,2,8,25
6374152216,1957,1,28,43,,5,32,53,1,98,99,95,88,26,35
6374152218,1650,0,41,6,,23,22,20,6,96,35,36,9,54,4
6374152219,2986,0,69,42,,39,105,71,10,46,7,64,11,32,104
6374152305,1520,0,23,11,,5,51,42,114,34,71,62,123,19,94
6374152307,2619,0,59,38,,64,30,70,86,74,5,51,16,73,34
6374152400,2123,0,41,26,,74,86,64,44,36,83,121,129,114,11
6374153210,2655,1,19,61,,41,39,30,100,87,34,108,8,99,21
6374153211,2180,1,34,46,,26,49,74,94,70,30,8,97,106,7
6374153305,2332,0,33,26,,85,5,99,8,17,33,105,29,9,45
6374153308,2415,0,49,26,,123,87,60,6,76,104,84,15,93,11
6374153315,2445,1,19,44,,26,40,28,17,42,70,53,35,99,73
6374153317,1949,1,17,52,,62,31,104,44,10,40,26,36,75,6
6374153318,3709,1,48,58,,74,101,9,41,98,120,129,26,4,88
6374153402,1753,0,41,29,,84,75,99,12,39,30,9,36,8,46
6374153403,2213,1,43,59,,35,31,59,26,8,113,44,4,17,99
6374153404,2031,1,13,47,,75,93,74,62,14,114,18,94,2,21
6374153414,2588,0,46,48,,26,23,43,41,25,7,63,107,32,85
6374153416,2573,0,47,40,,30,136,93,16,34,129,9,21,84,4
6374153418,2057,0,41,14,,9,84,47,99,12,14,46,26,6,101
6374154305,2119,0,22,26,,20,66,99,10,84,37,123,19,48,76
6374154310,2826,1,41,46,,55,123,63,60,94,26,35,99,41,82
6374154315,1958,0,43,13,,85,3,23,114,34,62,50,98,35,72
6374154316,3360,1,57,74,,86,14,43,70,74,84,16,123,93,22
6374154317,2481,0,43,26,,74,14,86,95,94,105,21,36,47,1
6374154502,3046,1,36,41,,22,35,42,20,76,95,84,40,46,9
6374154503,2080,0,53,38,,84,97,42,61,11,15,63,56,106,7
6374154506,2742,0,70,53,,74,63,129,110,93,9,29,119,32,128
6374154507,2779,1,40,44,,14,94,76,8,26,44,30,29,42,65
6374154515,2852,0,65,38,,83,7,128,10,6,100,26,71,4,80
6374154518,2026,0,57,13,,55,16,70,101,108,31,73,37,62,120
6374155504,1981,0,50,19,,14,84,128,114,73,85,86,78,6,39
6374155515,2715,0,44,22,,37,3,63,103,104,6,15,49,83,45
6374155516,2575,0,52,34,,99,128,7,42,10,129,105,74,86,54
6374155517,2061,1,12,41,,64,47,8,7,39,84,126,54,34,28
6374155600,2225,0,57,38,,20,27,102,23,74,52,75,42,63,59
6374155603,2187,1,35,53,,120,27,6,136,76,71,23,121,44,14
6374155608,2890,0,53,37,,27,63,47,19,36,32,104,18,22,75
6374155609,2242,0,49,36,,105,73,128,34,136,27,86,104,63,26
6374155610,2735,0,44,39,,64,129,11,9,4,71,101,16,34,41
6374155614,2016,0,33,11,,3,14,104,35,56,5,21,12,13,23
6374156601,3286,0,64,51,,14,11,121,123,70,105,119,86,32,51
6374156612,2202,0,43,15,,74,76,63,102,106,34,71,29,3,6
6374156617,1984,1,21,49,,53,84,101,123,39,94,64,73,6,104
6374156701,3468,0,65,56,,35,19,81,62,31,93,42,32,46,21
6374156709,2534,1,33,41,,53,44,15,41,90,79,23,1,51,39
6374156713,2537,0,42,32,,5,84,108,47,41,123,26,104,10,35
6374156718,1589,0,38,17,,27,64,2,126,1,107,10,4,100,104
6374157401,2066,0,45,30,,30,114,104,16,10,14,128,101,25,1
6374157403,3155,0,55,51,,119,20,56,99,95,3,15,28,10,27
6374157413,2472,0,43,44,,96,69,30,123,68,26,42,75,119,54
6374157414,1692,1,23,28,,9,88,53,63,129,26,120,29,8,17
6374157417,1928,0,36,29,,53,39,98,84,54,83,50,2,14,12
6374157501,1754,0,50,16,,5,97,99,45,35,27,136,54,34,28
6374157505,2282,0,41,39,,17,99,72,84,26,14,136,90,88,44
6374157511,2658,1,37,47,,5,21,120,114,104,84,100,41,2,36
6374157512,2735,0,60,39,,129,39,105,74,32,26,107,123,10,73
6374157513,1321,0,28,8,,86,104,50,70,14,88,4,57,74,112
6374158311,3033,1,50,50,,22,84,107,8,2,11,62,121,41,100
6374158312,2231,0,42,35,,114,86,5,41,13,14,19,6,84,72
6374158314,2926,0,54,27,,63,14,6,136,15,86,108,20,67,46
6374158404,2034,0,36,20,,2,39,14,6,27,68,30,49,10,74
6374158405,1750,1,20,23,,30,90,41,15,108,35,136,81,53,100
6374158418,2663,1,45,49,,21,83,84,49,19,71,81,53,12,59
6374158508,1941,1,25,50,,13,87,44,85,11,20,86,104,39,41
6374159110,2085,1,34,43,,30,129,109,65,19,11,86,97,7,41
6374159201,3285,1,59,57,,63,7,1,99,74,136,126,9,34,93
6374159213,2444,1,30,50,,84,14,98,106,93,91,123,16,8,39
6374159214,1824,0,51,21,,14,88,35,101,85,4,102,49,42,5
6374159215,2731,1,19,45,,63,3,104,46,120,68,14,18,36,56
6374159217,2710,1,23,54,,76,136,110,114,39,84,60,86,1,107
6374159219,2609,1,36,38,,7,48,86,15,13,14,26,74,97,123
6374159903,3203,0,50,46,,63,31,104,70,65,68,37,135,47,41
6374160002,3180,0,50,41,,123,129,46,88,74,68,71,98,34,8
6374160008,2512,0,43,38,,31,84,42,93,74,128,29,21,85,4
6374160009,2686,0,46,31,,102,37,48,25,62,75,74,110,35,99
6374160012,2710,1,32,51,,123,30,98,8,126,84,5,128,54,95
6374160017,2548,0,49,37,,23,64,43,12,17,79,107,76,84,8
6374160018,1794,0,42,25,,30,71,42,25,32,64,6,135,119,48
6374160701,1388,0,9,2,,104,21,35,44,73,14,26,85,34,82
6374160703,2768,0,40,16,,27,18,103,98,74,58,42,39,56,36
6374160718,1318,0,25,15,,39,16,81,38,30,123,3,126,28,75
6374160801,1703,1,11,44,,90,14,42,74,93,110,58,47,100,92
6374160802,2689,1,20,43,,83,126,8,128,29,110,26,44,15,74
6374160811,1926,1,27,49,,14,99,84,4,6,83,71,35,48,77
6374160813,1645,0,28,13,,126,119,86,42,16,9,27,39,69,81
6374162506,2470,1,34,36,,87,1,55,57,46,14,121,22,95,106
6374162514,1772,0,46,13,,31,58,97,76,1,71,121,112,42,39
6374163300,2046,1,31,37,,104,27,135,110,6,9,11,79,81,48
6374163301,2311,0,38,26,,71,84,26,94,39,21,44,101,104,27
6374163404,1643,0,30,14,,30,11,83,60,41,26,129,47,104,54
6374163407,2041,0,30,28,,84,36,54,1,56,20,101,44,67,114
6374164210,2738,1,40,69,,74,101,104,105,70,14,26,44,81,25
6374164217,3349,0,62,37,,63,105,67,36,47,128,26,108,46,39
6374164219,2868,1,34,59,,87,126,89,101,16,26,83,114,96,34
6374164307,3006,0,50,47,,5,107,21,93,94,62,52,41,102,13
6374164309,2085,0,40,19,,71,17,113,62,121,26,90,6,99,10
6374164315,1657,0,46,19,,46,121,8,100,35,83,75,15,59,99
6374164316,2773,1,37,45,,21,88,41,108,46,71,32,86,96,59
6374164318,4238,1,35,74,,74,87,114,51,44,108,91,33,1,11
6374165303,1534,0,34,8,,91,84,70,135,114,64,14,19,98,93
6374165309,3314,1,54,61,,9,128,8,87,97,27,23,72,47,13
6374165310,2001,0,31,9,,90,40,44,76,73,86,75,96,6,25
6374165406,2787,1,26,34,,7,104,90,72,12,9,102,73,6,2
6374166001,2477,1,32,44,,64,33,95,96,47,136,101,35,34,94
6374166009,2425,0,45,28,,38,21,30,70,74,37,2,48,11,57
6374166012,2092,1,22,47,,50,96,39,8,62,136,106,2,6,31
6374166013,2805,0,53,56,,7,46,26,97,17,14,31,136,107,44
6374166110,2251,1,30,39,,83,96,42,50,26,5,14,71,126,63
6374166119,2276,0,52,25,,14,1,28,35,2,63,119,29,25,21
6374167007,2636,1,33,44,,112,21,76,67,34,64,104,45,75,1
6374167008,2813,0,42,37,,26,57,68,54,16,36,29,39,86,6
6374167019,1987,1,23,46,,54,83,86,89,120,87,71,76,93,104
6374167101,2005,1,22,41,,26,108,50,35,42,25,14,71,8,88
6374167104,1908,1,19,28,,26,9,27,95,36,57,28,63,3,8
6374167106,3264,0,74,42,,14,22,64,46,2,45,27,29,93,13
6374167117,2535,1,27,43,,68,26,32,96,34,100,20,48,53,11
6374167201,2235,1,30,36,,62,84,94,28,25,72,96,39,75,12
6374167810,2039,0,47,30,,128,121,38,93,52,7,3,98,41,106
6374167812,1966,1,30,41,,121,19,97,74,6,26,30,99,48,76
6374167901,2687,0,37,27,,119,71,129,54,35,26,21,104,86,45
6374167909,1933,1,18,54,,123,84,42,23,126,135,41,39,128,43
6374167917,2238,0,40,23,,128,64,96,39,32,26,10,83,74,2
6374168602,2894,1,35,42,,86,28,44,47,74,37,14,108,70,25
6374168612,3381,0,41,40,,71,36,7,102,41,68,51,106,45,93
6374168613,3254,0,54,48,,26,62,16,6,2,84,110,104,12,11
6374168614,3495,1,36,64,,30,101,41,71,34,64,85,44,29,74
6374168700,1865,1,19,35,,26,40,106,98,44,62,81,63,1,13
6374168701,2181,1,21,47,,14,112,70,34,23,31,7,8,22,69
6374168703,2873,0,53,39,,7,40,129,94,47,85,91,60,70,74
6374169505,2511,1,35,54,,27,40,47,39,8,9,23,105,54,70
6374169513,2594,0,56,24,,25,50,65,1,136,14,5,106,99,12
6374169514,3195,0,49,29,,23,84,51,114,28,42,6,74,7,71
6374169605,1892,1,28,43,,71,110,75,44,82,76,45,39,128,12
6374169618,2849,1,42,48,,128,120,93,74,123,7,48,99,64,59
6374169619,2385,0,54,42,,26,119,8,60,11,111,90,99,59,93
6374170000,2464,0,49,43,,30,126,129,44,39,86,75,93,20,73
6374170001,2175,0,27,23,,41,25,136,26,3,8,39,9,96,97
6374170002,2811,0,41,50,,121,84,38,70,13,58,30,16,76,10
6374170018,2871,0,47,34,,119,69,70,36,126,86,17,34,41,72
6374170106,3094,0,64,44,,71,45,30,6,39,87,14,25,93,23
6374170107,2058,1,20,42,,128,76,44,112,17,53,25,21,23,42
6374170117,1950,1,19,19,,26,40,81,6,46,105,50,42,94,39
6374170601,2230,0,46,53,,13,14,88,34,93,27,26,119,16,1
6374170612,2672,1,36,42,,50,62,8,78,126,121,22,104,48,74
6374170614,2153,1,19,42,,14,123,37,103,8,49,90,2,54,58
6374170616,2419,0,40,30,,68,9,99,35,1,72,26,74,29,6
6374170700,2201,1,23,55,,126,14,71,41,74,34,62,35,8,29
6374170701,2398,1,25,49,,47,14,75,76,41,15,44,84,25,49
6374170706,2933,0,56,62,,74,112,86,13,42,76,107,50,120,93
6374170713,1983,0,24,17,,33,64,70,12,104,40,128,76,114,95
6374170719,2633,1,47,50,,14,8,74,112,54,30,86,2,104,36
6374170912,1940,1,15,36,,50,104,39,14,46,110,26,128,48,36
6374170913,3201,1,32,53,,22,26,88,99,41,83,76,7,1,65
6374170917,2695,0,53,52,,3,119,54,23,35,110,84,113,63,98
6374171009,2317,0,49,22,,9,37,29,114,13,76,51,26,12,11
6374171014,1895,0,49,17,,84,102,8,41,27,63,99,113,14,48
6374171017,1598,0,39,6,,26,123,8,104,106,9,64,40,70,10
6374171406,2511,0,43,33,,71,50,54,44,106,14,26,135,12,104
6374171407,2944,1,28,39,,105,3,21,40,8,100,25,62,42,46
6374171409,2030,0,53,19,,119,14,120,54,74,75,84,129,35,10
6374171413,2684,1,32,41,,42,31,70,9,114,3,26,43,35,41
6374171418,1818,0,39,19,,64,97,28,8,35,57,123,78,81,46
6374171419,2289,0,37,31,,35,26,97,48,104,16,63,51,8,17
6374171501,2178,1,27,48,,101,29,26,52,1,14,27,86,126,54
6374171502,1997,1,12,38,,30,25,49,8,21,135,72,10,39,35
6374171907,1624,0,32,15,,50,36,48,30,45,9,14,2,44,65
6374171910,3002,0,57,48,,83,26,71,44,59,14,48,51,123,22
6374172006,1870,1,31,43,,26,136,47,30,46,100,84,95,17,29
6374172008,1884,0,46,19,,101,121,49,81,17,39,14,7,22,44
6374172017,1827,1,21,39,,64,48,11,99,42,40,128,41,71,39
6374172019,3172,0,50,53,,119,63,106,96,113,39,33,29,69,42
6374172813,2435,1,24,43,,50,74,92,59,81,88,3,60,101,56
6374172817,3182,1,46,43,,96,67,88,55,68,26,106,93,47,74
6374172905,1729,0,50,10,,70,128,30,104,34,23,86,48,135,47
6374172910,2011,0,27,24,,86,36,84,70,13,79,9,74,15,48
6374172917,2345,0,42,21,,74,41,21,14,28,71,68,129,80,84
6374173508,2621,0,56,33,,83,101,28,12,63,21,25,80,39,7
6374173509,2216,1,15,50,,87,71,81,93,34,27,64,54,41,11
6374173513,3411,1,49,54,,64,35,45,60,19,39,25,105,12,14
6374173519,3759,0,46,50,,85,110,128,23,73,26,44,90,102,80
6374173609,2519,0,47,32,,8,64,50,81,39,14,111,93,69,21
6374173610,1742,0,42,28,,105,27,95,104,23,63,2,68,93,21
6374173618,2980,1,43,57,,9,112,96,47,126,111,76,29,14,18
6374174307,3620,1,56,49,,16,22,14,102,94,76,119,67,75,106
6374174308,2724,1,34,47,,14,68,16,74,46,30,32,51,70,6
6374174310,2415,0,51,35,,71,25,33,22,94,14,121,39,21,32
6374174406,1703,0,43,12,,68,62,2,39,54,123,21,25,99,72
6374174407,1614,0,31,10,,5,119,36,44,99,91,70,102,38,42
6374174414,2112,0,52,19,,76,136,60,114,34,111,86,126,23,56
6374175102,2334,0,56,33,,112,20,6,108,25,68,36,60,56,44
6374175108,1974,0,41,27,,26,15,104,74,2,44,53,25,11,21
6374175119,2966,1,48,55,,78,83,6,25,34,84,14,70,23,52
6374175201,2157,1,25,55,,68,73,5,99,54,16,119,93,23,59
6374175900,2634,0,43,37,,88,106,70,59,14,67,84,85,81,36
6374175901,2630,0,39,45,,14,86,129,73,21,63,36,27,42,69
6374175903,2487,0,48,19,,14,71,32,98,21,83,27,104,44,128
6374175904,2040,1,25,52,,107,14,71,1,22,84,64,29,41,74
6374175911,2202,1,25,49,,26,15,8,25,50,23,114,104,62,6
6374175914,2231,1,31,44,,14,78,33,94,63,112,103,106,98,8
6374175915,2460,1,32,51,,68,40,84,74,41,83,104,81,6,128
6374176602,1752,1,20,43,,58,14,100,98,8,136,111,2,41,52
6374176604,2310,1,36,32,,6,14,83,10,94,105,21,3,44,51
6374176611,1983,0,49,20,,85,11,121,104,41,42,73,120,5,74
6374177406,1914,0,36,20,,87,120,74,33,1,21,83,14,48,56
6374177417,2827,0,35,39,,31,50,10,48,99,26,88,2,8,113
6374177501,1447,1,4,34,,6,129,26,17,48,93,44,59,8,25
6374177502,1722,0,44,17,,84,128,60,8,121,31,22,14,28,44
6374177507,1926,0,26,22,,75,128,47,109,58,64,26,29,6,15
6374177508,1974,1,22,57,,87,121,35,129,72,7,123,75,74,49
6374177510,1896,1,27,33,,75,8,70,91,49,7,27,104,129,93
6374178200,1685,1,18,32,,9,34,62,39,42,14,27,18,71,13
6374178208,1897,0,40,20,,50,93,72,90,35,74,30,11,2,114
6374178212,2095,0,33,21,,2,26,79,18,34,14,9,57,70,47
6374178300,1906,0,49,22,,44,72,20,102,36,75,14,94,59,27
6374178308,3154,0,74,45,,14,64,85,70,76,27,104,22,75,114
6374178311,2964,1,44,36,,14,55,6,75,74,128,21,45,111,67
6374178315,2625,0,60,39,,84,81,75,54,126,119,110,16,42,36
6374178700,1471,1,16,53,,50,53,126,81,104,26,84,76,11,59
6374178714,1852,0,47,30,,27,18,100,106,73,104,84,30,35,71
6374178715,3013,1,42,43,,9,27,8,77,23,110,83,32,69,47
6374178800,1578,0,34,11,,23,72,16,25,76,26,128,6,54,32
6374178801,1767,1,11,38,,74,45,22,54,99,26,87,6,29,106
6374178804,2139,0,56,38,,107,14,6,21,38,113,108,58,40,105
6374178805,2478,1,39,41,,14,26,33,1,34,97,86,72,54,7
6374178806,2817,1,35,39,,64,42,84,29,39,19,17,27,28,35
6374178812,2240,1,24,55,,84,100,11,35,41,49,44,71,74,64
6374179511,3093,1,18,43,,121,21,27,70,22,6,114,2,136,90
6374179512,2957,1,40,49,,39,29,36,1,106,8,105,17,50,99
6374179519,2274,0,45,20,,104,5,76,93,39,14,108,129,74,6
6374179603,1929,0,44,24,,5,128,135,11,47,68,14,8,36,13
6374179604,2250,0,35,15,,64,50,95,59,13,86,74,1,85,34
6374179606,2293,1,20,54,,35,126,86,70,42,39,87,28,52,46
6374179614,1584,1,16,39,,50,63,71,81,44,14,128,1,30,57
6374179615,2642,0,54,51,,83,39,74,29,10,90,84,68,60,23
6374179616,3265,0,40,46,,19,5,119,63,94,95,26,60,4,106
6374179617,1619,0,43,16,,100,31,28,34,70,21,9,98,126,89
6374180505,3280,0,44,40,,33,3,136,93,39,119,84,104,35,23
6374180506,1421,1,14,31,,75,71,60,25,42,68,26,39,47,18
6374180516,2802,1,41,50,,84,50,104,54,106,75,30,14,114,8
6374180517,3159,1,31,33,,14,86,69,42,76,85,41,128,74,56
6374180518,2975,1,28,47,,68,20,6,29,39,14,105,102,70,113
6374180603,2284,1,14,28,,35,44,128,108,94,104,68,29,48,53
6374180605,2753,1,40,44,,85,26,54,10,70,119,87,135,8,36
6374181101,2184,0,50,38,,87,86,48,126,97,119,53,8,5,76
6374181115,2607,0,41,45,,108,47,42,50,25,101,135,8,84,46
6374181119,3484,1,34,41,,100,119,101,104,93,112,71,47,96,123
6374181211,4065,1,54,62,,14,35,12,112,108,26,86,41,123,72
6374181213,2187,0,59,16,,21,101,67,54,83,17,40,93,77,25
6374181216,1833,0,38,15,,14,39,29,42,13,3,121,6,96,11
6374181218,2226,0,45,26,,14,74,29,36,12,75,4,119,8,37
6374181712,2369,1,33,65,,22,26,93,110,114,21,86,4,2,9
6374181800,2648,1,27,42,,113,21,14,100,8,58,30,96,48,34
6374181803,3023,0,56,29,,119,50,76,32,114,103,16,49,10,11
6374181809,3135,1,47,72,,14,67,5,2,17,49,50,110,21,70
6374181814,2951,1,27,51,,86,26,36,70,2,14,90,54,94,128
6374182307,2452,1,23,44,,101,123,29,10,76,30,88,2,102,36
6374182308,2184,0,32,31,,62,104,36,71,67,126,9,74,109,23
6374182311,2129,0,33,26,,9,72,104,74,42,14,83,49,39,70
6374182312,2085,1,20,36,,14,29,93,110,12,104,22,70,8,50
6374182402,2195,0,33,29,,12,26,53,80,44,67,30,104,7,81
6374182418,2704,0,44,36,,16,30,84,35,108,38,64,85,105,29
6374183208,1890,1,35,37,,27,97,70,96,11,26,100,129,36,93
6374183214,2574,0,59,35,,128,112,78,4,126,87,120,86,6,23
6374183304,2812,0,51,36,,136,40,41,106,25,83,58,52,59,93
6374184100,2488,0,58,43,,30,99,121,11,109,27,36,85,93,47
6374184102,2835,1,40,49,,27,101,16,18,35,83,30,108,54,13
6374184103,2301,1,39,42,,103,27,88,94,23,14,97,21,26,1
6374184114,2959,0,55,35,,55,112,76,75,44,128,16,6,7,36
6374184116,2073,0,33,17,,83,21,6,129,23,68,86,71,47,44
6374184117,1919,0,38,28,,91,26,74,8,60,76,112,104,121,109
6374184200,2278,1,40,38,,64,14,21,16,18,51,123,11,81,42
6374184201,1657,0,28,18,,101,50,23,42,21,129,86,8,9,70
6374184204,2002,0,29,21,,14,27,53,47,1,83,26,6,23,99
6374184205,2361,0,68,22,,26,121,71,113,17,20,85,7,13,99
6374184209,4422,0,62,79,,7,40,26,76,1,14,90,71,67,23
6374184210,2340,1,29,44,,33,22,114,23,32,14,30,11,71,42
6374184211,3242,1,54,59,,64,1,75,47,39,37,26,40,32,29
6374185011,2067,1,15,29,,21,9,104,92,44,40,54,63,35,119
6374185016,2274,1,37,60,,121,18,129,21,75,64,100,44,49,32
6374185101,2096,0,41,19,,84,128,70,50,96,104,21,74,113,35
6374185102,1787,0,52,24,,26,100,104,70,23,128,51,4,12,44
6374185104,4849,1,54,65,,5,88,31,17,67,22,68,35,99,4
6374185107,2237,1,26,61,,107,3,119,19,39,110,123,51,84,93
6374185108,2445,1,35,37,,14,11,7,81,48,98,37,104,32,35
6374185117,3079,0,50,43,,86,74,100,7,10,27,33,47,6,106
6374189309,1928,0,42,27,,26,110,98,63,39,64,14,60,17,70
6374189319,1999,1,34,45,,14,72,8,97,4,5,51,99,93,74
6374189414,2070,1,24,33,,101,66,36,12,10,128,97,52,44,84
6374189417,3076,0,39,40,,99,5,74,80,41,84,86,49,70,34
6374189418,2570,1,33,44,,107,71,84,41,23,14,87,42,6,104
6374189504,1984,0,49,22,,5,101,96,75,6,71,86,74,40,42
6374190203,2571,0,36,26,,63,20,129,67,39,25,37,49,32,23
6374190211,4434,0,66,45,,14,64,49,21,6,83,2,36,44,99
6374190307,2462,0,47,29,,40,31,18,84,8,83,26,6,129,65
6374190308,1919,0,36,29,,14,5,99,1,76,78,25,101,62,88
6374190313,2772,1,27,41,,5,36,51,70,47,74,101,23,48,111
6374190315,2015,1,26,31,,84,26,11,96,36,91,57,21,32,39
6374190317,3015,0,58,55,,86,31,39,88,73,128,107,136,22,54
6374191108,2604,1,31,57,,64,26,112,70,6,51,47,84,48,123
6374191109,2619,1,44,61,,30,60,63,23,84,31,112,136,104,59
6374191203,1824,0,32,24,,68,62,76,104,12,9,112,28,129,39
6374191206,2429,1,20,31,,84,64,8,108,76,91,40,102,94,39
6374191217,2363,1,28,44,,62,5,42,86,13,33,83,84,23,70
6374191900,2455,1,10,39,,21,23,11,44,100,110,102,19,10,49
6374191901,2894,0,66,43,,71,31,8,36,22,110,121,70,104,126
6374191903,1631,0,48,19,,86,112,49,113,126,14,7,20,93,56
6374191904,3469,1,43,47,,37,5,39,80,72,84,26,15,99,114
6374191917,1951,0,41,27,,88,30,49,8,35,26,29,71,32,46
6374192001,2841,0,50,44,,71,26,104,126,93,95,128,58,28,25
6374192015,2829,0,54,39,,3,9,16,23,13,30,7,98,34,8
6374192711,3096,1,35,35,,31,88,13,98,4,102,14,1,28,22
6374192714,2360,1,23,29,,21,96,102,6,10,87,84,2,35,67
6374192803,2255,1,34,32,,83,119,48,98,23,114,26,136,106,41
6374193504,2895,1,23,51,,74,23,14,86,10,65,27,76,11,6
6374193510,2544,1,22,41,,50,123,106,67,23,34,86,59,108,44
6374193600,1994,0,41,28,,47,58,104,64,75,30,51,84,97,1
6374195201,2950,0,57,41,,14,44,21,74,2,26,114,68,104,34
6374195216,4126,0,67,59,,136,128,99,63,86,96,21,26,18,64
6374195218,2251,0,17,24,,55,35,128,108,94,84,80,39,95,65
6374195305,2828,0,52,47,,45,112,104,74,44,64,93,50,69,46
6374195307,2175,0,33,34,,107,20,102,47,1,26,101,16,94,10
6374195308,3179,0,37,44,,75,84,94,36,10,14,135,110,47,93
6374195309,2296,1,19,45,,17,123,28,21,1,5,50,16,42,46
6374195310,2325,0,44,27,,81,126,7,39,108,71,14,76,94,79
6374195314,1882,1,16,30,,35,85,42,16,76,100,121,39,94,13
6374195315,3073,1,38,44,,9,64,94,71,41,85,40,54,16,13
6374195316,2731,0,48,29,,105,96,66,104,75,84,27,99,35,123
6374196101,1765,0,30,19,,35,49,84,10,45,112,119,1,28,36
6374196102,3023,0,51,34,,14,135,128,71,25,110,16,6,69,76
6374196103,2838,0,50,34,,21,19,93,85,39,5,120,22,64,42
6374196104,2394,1,34,34,,52,14,12,8,81,88,26,17,59,41
6374196105,1559,1,13,34,,64,30,42,8,59,26,121,11,104,21
6374196107,2480,1,27,40,,36,83,13,48,67,105,126,123,21,12
6374196114,1768,0,30,17,,1,85,68,60,27,62,6,84,54,72
6374196211,2309,0,41,27,,23,79,9,74,8,111,5,34,120,67
6374196212,2307,0,47,43,,33,37,48,28,17,14,50,120,68,8
6374196213,1771,0,31,11,,32,104,5,44,76,36,84,85,28,94
6374196912,1647,0,27,17,,64,104,1,100,22,14,86,60,97,8
6374196913,1786,1,5,34,,47,136,20,42,106,26,64,36,1,11
6374197000,2350,1,38,41,,9,86,18,104,92,74,26,28,75,1
6374197012,2592,1,26,49,,50,64,34,16,59,84,41,42,128,22
6374198017,2307,1,44,48,,101,26,2,48,7,136,97,12,30,86
6374198019,1931,0,45,25,,14,68,10,129,128,87,84,90,39,44
6374198100,1629,1,16,23,,31,103,42,57,76,119,7,128,1,47
6374198110,2010,0,54,24,,36,14,59,10,93,107,109,43,6,102
6374198111,1926,0,36,31,,31,14,39,1,62,19,106,25,99,48
6374198200,1909,1,15,37,,14,112,126,97,8,29,68,64,109,47
6374198207,3127,0,21,45,,74,53,33,8,45,14,60,41,76,86
6374198214,2398,1,22,45,,26,135,15,8,126,86,72,93,25,56
6374198801,2688,0,38,44,,87,71,25,4,64,6,51,5,74,111
6374198808,2843,1,38,46,,51,37,67,104,39,31,119,16,8,92
6374198816,2700,1,48,70,,9,128,32,4,39,87,93,12,35,2
6374198900,2210,0,46,26,,31,71,94,93,51,5,64,104,59,41
6374198901,2565,0,35,26,,26,41,103,99,106,14,69,101,25,94
6374198903,1702,0,37,12,,27,30,106,25,1,76,81,103,64,93
6374198904,3259,0,71,46,,136,101,1,31,106,27,84,104,74,70
6374198907,2302,0,50,25,,105,111,70,29,17,14,75,60,86,42
6374198917,2755,1,46,51,,75,91,67,99,25,4,97,30,47,113
6374199800,2763,0,39,38,,64,57,114,106,98,112,2,71,25,63
6374199801,3438,1,37,62,,71,64,29,95,11,35,16,8,102,81
6374199802,2379,1,30,41,,90,44,74,23,63,8,71,86,104,65
6374199803,2223,0,33,15,,84,71,41,94,36,64,33,44,10,102
6374199816,3113,0,52,41,,33,47,74,46,76,2,84,17,103,32
6374199817,1948,1,24,49,,27,14,16,43,34,119,20,6,129,13
6374199902,1978,0,42,20,,64,21,98,94,42,7,49,33,67,26
6374199904,1661,0,33,18,,27,95,59,39,77,14,44,9,11,8
6374199905,2157,0,65,35,,50,2,32,72,106,68,57,104,17,42
6374199909,2573,1,38,53,,31,26,114,129,59,25,27,99,4,73
6374200602,2456,1,26,45,,30,74,54,34,99,14,108,95,84,11
6374200603,1754,0,37,20,,64,121,65,36,48,9,106,3,136,8
6374200604,1796,1,12,39,,123,87,16,89,42,64,28,104,11,18
6374200606,1923,0,51,24,,71,31,42,25,67,14,87,136,63,11
6374200608,2722,1,36,54,,89,93,5,7,121,26,64,120,42,49
6374200615,2136,0,53,18,,101,47,104,5,35,26,25,99,94,54
6374200707,2542,0,39,32,,79,114,29,23,1,107,26,14,39,8
6374200716,2707,1,33,34,,68,79,76,98,94,21,72,121,8,22
6374200717,2455,0,42,22,,50,68,94,104,106,84,126,16,110,6
6374201313,3596,1,48,52,,107,27,25,36,8,136,121,84,6,22
6374201408,1892,0,44,29,,30,88,97,64,44,90,62,35,129,94
6374201410,2132,1,23,29,,86,36,42,43,54,87,40,126,47,6
6374201412,2983,0,43,39,,63,28,73,31,126,128,90,71,74,35
6374201413,2151,1,17,38,,105,26,41,28,13,27,71,1,74,81
6374201417,3078,1,51,51,,14,129,72,18,119,16,49,41,83,98
6374202219,2325,0,59,36,,35,84,48,50,7,25,11,28,89,40
6374202301,2225,1,26,50,,26,41,108,104,93,14,94,87,1,17
6374202304,2673,0,48,54,,50,64,44,74,109,123,21,17,53,59
6374202306,2281,1,20,55,,123,84,62,106,7,74,51,81,87,63
6374202307,2398,0,34,23,,30,51,99,39,8,105,37,10,81,75
6374202317,1722,0,33,13,,7,84,76,23,11,27,72,98,126,54
6374202401,2256,1,23,44,,136,105,2,48,39,101,58,34,104,94
6374202404,1959,1,9,41,,71,106,44,64,81,84,103,70,46,10
6374202807,2822,0,58,38,,26,7,2,63,22,83,101,104,109,13
6374202810,1782,1,20,33,,85,14,49,26,73,123,129,76,44,69
6374202812,2189,1,24,37,,33,75,99,93,59,84,85,100,60,4
6374202902,2005,0,67,29,,26,100,41,11,84,29,40,35,44,15
6374202903,2003,1,21,56,,7,74,136,75,42,34,25,86,69,1
6374202904,1950,0,40,22,,101,51,47,42,43,20,29,48,100,126
6374202909,2216,1,33,50,,27,101,62,8,106,26,85,126,60,42
6374202916,1324,1,9,29,,25,76,104,93,73,54,75,19,23,13
6374203402,2482,0,36,43,,14,26,33,1,13,136,11,2,4,20
6374203412,1975,1,27,39,,14,40,23,101,56,86,135,3,11,8
6374203414,2746,0,47,17,,83,50,100,44,21,31,47,63,123,94
6374203503,2543,0,41,18,,14,119,34,29,114,76,64,60,81,17
6374203509,2568,0,38,37,,97,26,20,18,106,35,37,6,136,74
6374203513,3172,1,47,65,,14,26,108,41,129,71,93,87,88,13
6374203516,1879,1,11,45,,71,30,108,50,63,21,5,29,46,93
6374203702,2062,1,30,39,,14,112,71,74,42,101,26,104,35,77
6374203716,2096,0,38,12,,83,123,60,67,17,86,9,98,42,11
6374203717,2347,1,36,56,,110,43,40,63,8,14,71,74,47,48
6374203718,2201,1,21,63,,5,74,60,8,84,50,112,59,35,67
6374203801,2261,1,26,47,,30,40,73,14,25,58,75,104,99,7
6374203802,1829,0,28,25,,91,84,55,25,54,136,86,42,108,126
6374203808,2383,0,37,33,,121,2,109,62,35,101,25,128,8,48
6374203809,1771,1,13,37,,30,128,4,29,11,21,6,81,96,102
6374203810,3008,1,55,73,,27,123,29,10,97,74,128,84,2,136
6374203912,2022,1,22,37,,79,128,39,104,8,14,40,48,97,69
6374204110,2812,0,36,30,,71,22,136,35,12,25,94,108,62,51
6374204201,2074,1,18,52,,108,62,111,8,39,112,23,86,42,65
6374204204,2163,0,60,16,,84,91,14,76,74,105,136,64,98,8
6374204206,2179,1,23,35,,33,26,25,8,98,110,84,104,41,74
6374204215,2687,1,26,39,,74,97,6,83,47,18,5,21,17,66
6374204216,2979,0,47,36,,83,114,46,53,120,110,14,56,41,123
6374204702,2680,0,57,39,,14,87,72,104,74,39,27,42,49,126
6374204703,1705,0,33,16,,45,136,42,31,80,5,49,10,6,101
6374204706,2199,1,37,46,,99,112,27,95,23,121,30,136,41,74
6374204801,2756,0,40,43,,20,14,49,76,39,123,104,64,3,72
6374204811,2902,1,35,51,,79,123,33,81,113,50,110,78,42,73
6374204812,2241,0,47,15,,58,68,21,81,25,96,14,32,85,55
6374205610,1652,0,22,18,,26,39,119,97,95,136,9,74,60,1
6374205614,2457,1,32,56,,119,120,44,98,17,27,101,94,36,14
6374205706,2058,1,27,45,,50,129,20,48,44,41,90,87,35,7
6374205707,2803,1,24,47,,14,35,26,13,94,67,20,27,28,11
6374205710,2100,0,50,32,,33,64,1,7,22,68,74,40,100,41
6374205712,2680,1,38,46,,14,87,10,57,13,84,52,71,48,34
6374205714,2103,1,20,63,,101,26,15,71,18,14,5,97,113,6
6374205718,3056,1,39,44,,36,35,47,55,9,71,30,104,109,76
6374206301,2790,0,34,43,,14,63,27,10,61,71,92,36,64,113
6374206305,3211,1,44,65,,123,26,120,47,42,71,30,64,41,9
6374206306,1071,0,34,9,,111,37,2,4,59,11,17,48,26,104
6374206308,1965,1,22,33,,114,64,1,104,25,105,72,42,56,106
6374206317,1758,1,17,35,,58,11,8,26,2,39,44,37,25,28
6374206402,2400,1,19,54,,26,136,42,44,100,87,29,35,112,94
6374206409,2277,1,20,35,,26,86,96,106,70,27,8,9,23,80
6374206412,2594,0,56,37,,119,86,43,97,94,50,71,106,28,44
6374206418,2747,0,44,35,,71,87,81,48,112,75,97,76,9,8
6374207019,2278,1,34,43,,59,67,11,54,7,129,14,1,36,9
6374207106,2512,0,48,35,,119,51,97,74,106,68,88,12,104,39
6374207114,1754,1,13,26,,123,29,6,79,35,21,43,37,85,10
6374207807,2776,0,40,44,,85,136,2,42,76,75,21,35,128,74
6374207808,2479,0,53,41,,98,119,33,114,17,136,128,101,8,106
6374207810,2807,1,37,52,,33,87,49,94,23,2,14,69,12,64
6374207812,3114,1,42,52,,14,26,129,22,54,50,49,9,46,73
6374207908,1864,1,11,35,,104,71,84,23,34,7,91,28,44,21
6374207915,3805,0,62,48,,5,65,72,86,2,90,68,29,54,63
6374208600,2052,1,17,41,,85,5,81,76,18,12,119,104,75,73
6374208601,2342,0,44,48,,51,87,96,22,44,121,64,89,13,71
6374208603,1823,1,16,50,,84,39,8,49,110,28,29,36,97,109
6374208604,2415,0,28,23,,99,25,4,64,1,128,90,70,72,113
6374208605,2341,1,29,36,,14,123,42,110,16,30,83,41,97,34
6374208616,2512,0,58,38,,97,2,42,86,39,71,123,102,135,6
6374208617,1700,1,15,45,,39,3,96,74,70,87,79,8,129,106
6374208708,3043,0,53,42,,62,35,25,63,18,21,85,71,81,1
6374208711,3109,1,45,52,,44,105,34,96,9,35,27,123,11,6
6374208715,3109,1,61,60,,5,128,97,11,70,64,84,83,81,43
6374208719,2171,0,47,32,,66,71,36,48,22,63,104,6,27,76
6374209305,2771,0,47,55,,111,14,59,39,73,96,45,26,1,63
6374209310,2105,0,41,30,,84,33,23,16,42,74,71,96,41,8
6374209311,2334,1,23,59,,135,90,22,71,54,64,67,30,23,46
6374209402,2337,0,55,39,,64,80,21,99,72,26,25,44,97,45
6374209404,2688,1,28,38,,39,50,67,88,34,71,128,72,74,6
6374209412,2743,1,28,26,,85,55,6,64,1,35,26,60,121,94
6374209413,1148,0,46,17,,136,27,8,98,101,3,14,13,21,70
6374209414,1885,1,22,33,,36,23,26,104,4,112,129,72,39,42
6374209416,3034,1,59,49,,14,50,106,29,94,45,51,2,74,54
6374210118,3090,1,37,50,,62,60,9,42,43,123,30,18,95,46
6374210205,2671,1,46,56,,128,27,16,17,114,39,7,13,84,1
6374210209,2585,0,39,33,,14,94,7,33,45,101,50,76,6,70
6374210218,1709,0,41,16,,9,84,93,4,39,64,136,88,53,8
6374211003,3273,1,60,56,,87,3,35,104,42,76,14,63,36,71
6374211007,2531,1,23,58,,6,136,7,119,27,99,74,35,70,69
6374211019,3181,1,42,48,,55,40,98,63,106,64,52,2,86,62
6374211100,3250,0,60,67,,14,87,121,44,89,108,35,54,71,101
6374211101,1723,1,17,46,,128,100,42,99,25,14,104,72,16,41
6374211105,2471,1,28,56,,120,86,39,123,113,79,60,67,51,126
6374211112,3278,0,48,45,,100,19,74,9,44,40,126,45,104,48
6374211510,2793,1,26,52,,85,86,98,42,106,22,26,64,128,109
6374211518,3288,1,41,75,,4,121,14,26,35,64,62,108,94,8
6374211606,2138,1,40,40,,53,35,83,62,48,32,84,47,75,76
6374211607,2963,0,38,34,,9,6,98,86,128,100,68,29,4,35
6374211608,1980,0,55,27,,84,53,99,21,93,5,56,101,2,44
6374211617,2123,0,36,32,,26,27,12,85,1,5,62,108,94,120
6374212307,2137,1,36,50,,21,26,46,71,54,129,123,89,50,106
6374212308,2007,0,41,18,,13,104,15,75,54,74,84,18,108,53
6374212311,1660,0,33,13,,119,83,41,136,34,14,90,93,129,23
6374212313,1717,0,22,5,,86,57,74,77,8,26,49,41,23,75
6374212315,2078,1,16,29,,9,101,12,38,36,83,71,44,2,22
6374212317,2641,0,41,22,,105,101,47,42,23,64,85,93,94,104
6374212401,2403,1,43,54,,114,71,15,39,44,14,86,53,23,30
6374212414,1915,1,9,41,,64,74,28,44,11,101,39,41,23,34
6374212415,2247,1,25,38,,63,66,69,114,59,14,43,7,35,42
6374212419,2105,0,35,22,,75,126,104,74,109,111,53,41,46,100
6374213201,1404,0,23,10,,16,84,26,76,41,66,111,6,123,22
6374213202,3064,0,60,35,,7,75,85,70,46,14,83,29,74,41
6374213203,2693,1,38,57,,136,14,104,70,3,102,99,85,128,93
6374213206,1896,0,35,23,,5,107,8,42,36,72,74,29,83,12
6374213216,2015,0,48,19,,74,43,4,104,20,36,44,105,22,47
6374213217,1813,0,43,29,,100,35,47,44,84,106,104,71,2,14
6374213305,2850,0,46,43,,5,119,120,69,10,26,128,54,29,76
6374213317,2912,1,52,58,,105,14,59,6,33,39,63,21,48,87
6374213900,1494,1,18,30,,87,84,15,42,61,136,106,67,31,39
6374213901,1990,0,62,31,,126,28,8,91,104,14,48,69,100,44
6374213902,2336,0,43,21,,63,17,126,136,18,74,7,1,29,92
6374213906,2268,0,31,26,,112,37,99,11,70,84,87,96,8,22
6374213911,2698,1,38,53,,123,14,42,83,101,62,27,36,126,70
6374213914,1994,1,21,43,,40,26,8,11,70,14,4,19,23,39
6374213917,3134,0,53,41,,21,50,75,41,11,90,119,99,25,73
6374214006,2846,0,41,34,,14,84,44,30,39,123,95,3,81,11
6374214007,3210,0,72,66,,71,112,9,2,11,33,136,126,8,7
6374214414,1298,0,20,10,,8,104,5,76,53,3,96,19,86,28
6374214502,2159,1,46,52,,14,136,44,120,46,128,103,76,112,8
6374214511,787,1,3,31,,67,39,123,73,108,33,29,25,120,114
6374214515,2403,0,64,46,,14,18,75,28,47,84,88,54,59,42
6374214517,2035,1,26,53,,30,31,99,93,13,136,44,64,50,104
6374214518,3137,0,45,45,,93,26,23,105,94,51,5,81,15,17
6374214600,2217,0,45,25,,87,121,15,93,36,85,26,56,83,81
6374215101,2915,0,38,46,,74,7,87,48,41,64,123,27,81,76
6374215105,2477,0,46,22,,27,55,21,39,67,53,34,44,129,64
6374215115,2186,1,25,41,,31,51,48,2,11,110,50,13,19,44
6374215116,2794,1,43,37,,25,12,55,71,84,9,100,18,10,2
6374215203,2242,1,29,35,,102,44,119,51,36,50,11,89,129,6
6374215206,3083,0,42,35,,1,27,30,42,61,35,87,37,104,6
6374215210,3933,1,70,97,,74,104,75,32,11,2,105,4,114,17
6374215212,1337,1,16,33,,83,100,14,6,76,121,58,23,39,25
6374215213,2626,0,32,29,,97,71,40,32,49,22,87,94,8,11
6374216005,2631,1,34,45,,63,75,42,72,70,88,101,23,28,41
6374216006,2543,1,31,38,,14,83,23,108,6,9,71,19,11,67
6374216106,3170,1,47,59,,71,32,17,14,93,27,136,47,76,42
6374216107,3127,0,35,41,,7,113,23,74,26,28,128,27,17,48
6374216905,1612,0,43,14,,71,64,97,6,101,15,90,106,1,76
6374217002,3187,1,36,42,,74,14,17,94,25,71,86,39,26,11
6374217011,3204,0,56,45,,53,14,50,12,4,74,70,9,41,99
6374217012,3769,1,58,69,,41,86,4,21,55,9,62,98,40,34
6374217800,1594,0,56,20,,64,55,7,70,17,101,71,121,42,22
6374217801,2581,0,49,29,,106,135,8,114,30,80,6,7,34,51
6374217804,2511,0,46,24,,30,18,97,84,13,87,71,57,98,8
6374217818,2202,0,48,21,,63,7,15,14,41,30,27,54,99,126
6374217907,1920,0,39,29,,62,54,27,11,77,26,108,75,42,44
6374217908,2653,1,36,49,,30,88,120,12,39,58,3,48,69,106
6374217909,1844,0,28,21,,51,5,128,42,94,26,59,17,2,44
6374217913,2745,1,36,52,,86,84,123,109,11,53,75,74,70,76
6374218800,2416,0,44,20,,120,121,126,22,93,104,71,39,48,17
6374218902,2506,0,49,37,,68,47,35,54,59,121,100,17,73,44
6374218910,2538,1,36,45,,21,62,49,74,42,123,69,23,51,67
6374218916,2686,0,53,32,,9,31,104,17,35,71,85,93,10,32
6374220005,2462,0,46,37,,58,128,52,49,19,44,85,106,42,30
6374220007,2238,1,27,45,,44,84,50,8,69,14,3,63,126,99
6374220008,2068,0,44,30,,86,84,17,99,35,30,128,85,76,46
6374220017,2769,0,71,38,,93,26,23,75,22,68,34,27,18,49
6374220018,3068,1,40,64,,26,104,71,39,8,64,76,136,93,2
6374220102,3121,1,38,54,,110,7,8,26,23,84,128,129,6,53
6374220103,1932,0,46,16,,39,86,20,44,17,8,36,71,4,84
6374220104,2542,1,34,39,,84,23,104,50,12,75,110,28,6,44
6374220106,2459,1,38,42,,62,69,3,8,21,28,52,25,102,54
6374221111,2307,1,16,34,,27,97,99,1,74,71,101,95,77,75
6374221112,1990,1,27,53,,20,14,25,7,10,71,79,43,74,70
6374221115,802,1,8,15,,83,110,57,100,31,50,40,29,80,85
6374221200,2097,1,12,28,,43,84,41,74,89,68,42,126,93,36
6374221201,1924,0,25,15,,70,17,14,39,9,64,8,68,59,29
6374221204,2878,0,37,37,,27,98,75,46,41,21,90,104,95,136
6374222104,2621,1,28,37,,58,128,41,105,106,14,21,96,119,89
6374222117,2724,0,43,42,,101,71,104,48,23,136,123,72,81,13
6374222118,1320,1,5,29,,101,49,63,18,4,14,126,91,136,41
6374222208,2395,0,47,30,,71,83,89,70,6,26,44,16,36,47
6374222212,1880,1,20,55,,63,14,85,120,1,31,112,30,95,105
6374222303,2638,1,30,32,,6,62,16,94,23,135,81,4,35,43
6374222304,1676,1,20,41,,121,64,8,60,98,62,104,26,135,11
6374222309,2201,1,23,34,,84,7,15,60,22,102,26,98,94,128
6374223005,2904,0,37,43,,26,8,104,56,27,37,71,6,21,9
6374223007,2379,0,52,36,,62,5,129,10,59,14,23,28,42,25
6374223013,2110,0,36,20,,83,120,18,11,7,90,123,4,89,23
6374223014,2808,1,33,57,,35,104,67,87,112,74,89,7,48,21
6374223017,787,0,17,4,,107,14,3,35,11,65,68,28,48,13
6374223018,1875,1,19,50,,5,96,64,70,35,62,14,47,74,94
6374223101,1627,1,26,18,,63,136,60,71,48,30,39,44,13,97
6374223103,1804,0,44,15,,84,19,71,56,23,112,30,42,1,13
6374223106,2181,0,33,15,,75,100,97,43,41,26,6,23,135,37
6374223107,2188,0,27,31,,91,27,6,73,49,31,25,72,60,45
6374223901,2011,1,19,35,,113,112,88,86,69,39,71,48,26,76
6374223915,2402,0,40,28,,100,102,48,29,36,26,114,8,49,76
6374223917,2008,0,48,26,,40,100,33,1,121,120,31,84,22,62
6374223918,3140,1,33,45,,128,35,52,34,6,43,64,104,27,8
6374224004,2937,1,44,46,,82,37,76,15,62,35,47,50,54,4
6374224005,2004,1,17,29,,68,45,99,102,63,123,128,120,1,91
6374224006,3410,0,62,50,,33,97,35,84,93,40,27,41,69,21
6374224011,3669,0,66,58,,114,14,93,39,25,120,63,8,40,74
6374224018,2881,0,55,54,,100,59,26,23,93,36,31,84,47,8
6374225401,2223,0,44,24,,26,110,18,89,39,105,48,53,19,6
6374225407,1647,0,37,18,,9,121,93,99,59,14,84,95,39,4
6374225501,2167,1,14,51,,22,60,88,76,32,103,8,126,51,112
6374225507,2587,1,41,60,,14,36,44,30,11,29,58,15,91,101
6374225509,2681,1,36,53,,43,84,21,15,74,91,27,34,70,104
6374225515,2136,1,25,36,,57,109,49,75,87,14,39,129,26,33
6374225516,3132,1,49,57,,9,50,103,85,21,42,34,32,121,53
6374226201,2470,0,49,36,,30,101,23,8,81,55,90,22,47,104
6374226202,1898,1,19,59,,64,84,39,62,93,121,101,98,74,1
6374226205,3405,0,48,38,,64,40,114,17,108,6,11,86,53,29
6374226207,1597,0,64,13,,105,101,63,45,106,30,135,74,27,95
6374226218,2823,0,33,20,,14,34,7,89,2,119,121,8,1,45
6374226300,1321,0,30,18,,100,48,27,99,59,86,106,40,126,70
6374226301,3274,1,87,38,,74,104,44,2,76,7,26,17,25,15
6374226311,2863,0,55,34,,50,14,17,111,6,33,105,48,46,41
6374226317,3434,1,49,46,,27,85,29,13,44,135,31,8,3,86
6374228000,2239,0,54,35,,14,83,70,49,13,87,50,28,39,114
6374228002,2883,1,29,26,,68,14,29,1,46,50,9,49,6,84
6374228003,2360,1,24,55,,14,110,8,28,11,53,108,79,104,58
6374228007,4132,1,48,54,,21,14,60,113,13,84,25,34,104,106
6374228102,1714,0,26,22,,14,74,48,99,9,105,121,23,1,34
6374228908,2178,0,50,32,,123,14,104,74,72,30,71,84,10,106
6374228909,2293,1,23,39,,26,63,11,96,48,105,9,51,41,36
6374228911,2711,0,53,33,,20,3,97,123,114,27,87,29,109,13
6374229006,2449,1,36,43,,27,14,96,1,11,111,79,95,129,59
6374229008,1875,0,30,21,,128,121,28,1,59,87,100,8,22,41
6374229707,2908,0,50,27,,63,76,121,8,69,58,42,34,99,50
6374229708,2321,1,22,45,,75,21,42,96,135,9,31,136,97,1
6374229709,2208,0,54,21,,86,50,94,7,75,27,23,107,11,45
6374229710,2519,0,42,27,,111,126,15,64,36,119,14,44,97,17
6374229714,2069,1,15,42,,14,75,10,129,7,5,53,51,12,6
6374229808,3922,0,63,63,,123,31,94,108,107,104,68,62,30,59
6374229809,3021,1,40,44,,26,69,93,120,23,68,7,40,106,114
6374229818,1665,1,14,37,,64,84,135,42,59,31,16,50,44,11
6374229819,1963,1,37,53,,14,123,21,126,93,62,47,59,128,67
6374230803,2532,1,25,33,,51,64,44,21,101,68,83,25,98,41
6374230808,1630,0,32,17,,14,128,43,73,33,88,39,46,16,18
6374230818,2842,1,34,51,,62,83,1,75,106,71,52,81,70,21
6374230902,1836,1,20,47,,85,14,36,89,22,32,59,16,6,123
6374230903,1689,0,30,16,,27,63,84,29,13,85,75,56,99,22
6374231611,2703,0,47,40,,84,62,10,56,25,68,14,46,93,11
6374231612,2250,1,16,41,,31,75,28,94,17,86,110,45,42,102
6374231705,1483,0,42,11,,22,35,80,112,6,3,21,47,81,30
6374231706,2537,0,53,36,,14,4,87,71,44,112,104,84,10,17
6374231712,2385,0,47,35,,35,44,40,126,112,50,7,29,93,10
6374231713,2535,0,26,48,,105,74,2,121,93,71,14,25,39,54
6374231718,2480,1,38,52,,97,2,46,64,41,100,121,22,63,44
6374232606,2442,0,40,29,,119,36,64,73,41,30,25,29,44,35
6374232615,2034,0,49,29,,75,5,39,129,104,36,6,81,85,27
6374232618,2383,1,23,50,,100,26,1,104,42,126,7,22,94,51
6374232712,2552,0,38,32,,128,2,64,100,94,71,45,72,76,70
6374232714,2455,0,38,31,,26,25,63,108,41,71,48,8,104,27
6374233408,2096,0,44,34,,71,62,76,72,25,14,27,7,89,126
6374233413,2503,1,23,27,,123,104,84,1,75,52,119,135,76,54
6374233415,1947,1,20,47,,97,75,57,59,41,136,119,47,67,23
6374234105,2909,1,31,42,,107,4,62,101,45,71,123,29,94,114
6374234106,1896,0,50,17,,13,85,2,30,8,79,103,35,28,39
6374234207,2319,0,44,27,,74,90,105,72,60,21,100,71,8,35
6374234210,1950,0,37,23,,75,26,56,36,136,3,119,2,6,45
6374235001,2310,0,60,31,,86,31,106,16,54,26,100,129,48,13
6374235002,2806,1,46,41,,61,62,67,110,39,104,16,48,65,93
6374235004,2834,1,35,47,,14,5,54,69,39,3,60,25,27,44
6374235017,2901,0,43,35,,100,73,5,102,89,14,32,135,93,25
6374235019,1791,0,36,22,,101,22,84,8,28,103,26,46,29,71
6374235106,2536,0,47,30,,9,50,108,15,94,44,5,33,93,11
6374235108,1919,1,22,50,,84,23,31,44,45,49,136,91,71,8
6374235109,2434,0,46,34,,27,21,44,71,89,26,85,75,42,95
6374235111,3201,0,57,72,,91,123,69,93,13,101,86,70,11,4
6374235118,1994,1,33,47,,25,8,100,104,46,14,98,70,31,74
6374235501,3168,0,58,40,,86,64,16,1,43,5,25,41,110,46
6374235509,2739,1,33,50,,27,136,86,74,94,85,71,44,99,76
6374235510,3201,0,56,44,,23,92,4,79,32,14,35,83,98,126
6374235512,2202,1,26,37,,5,25,49,11,41,104,23,97,74,72
6374235602,2519,1,29,42,,123,74,126,54,6,128,31,71,17,93
6374235604,2563,0,41,28,,26,85,2,74,89,87,63,10,128,18
6374235605,2605,1,29,48,,30,55,63,45,57,3,121,85,99,67
6374235606,1829,0,50,30,,135,85,33,8,126,31,83,10,74,99
6374235616,2481,1,12,35,,4,14,44,34,57,99,110,86,25,41
6374235618,2597,0,54,31,,71,86,16,48,128,5,47,123,41,68
6374236116,2558,1,29,59,,14,102,86,104,67,13,64,34,55,56
6374236117,1893,1,18,47,,7,1,5,74,97,114,129,15,93,53
6374236118,2321,1,18,49,,50,76,86,2,44,68,29,45,1,126
6374236210,2797,0,59,49,,14,33,84,94,47,27,135,51,99,114
6374236215,2135,1,16,32,,19,104,21,33,39,71,7,126,42,1
6374236216,1108,0,21,13,,136,27,104,12,76,14,90,81,11,41
6374236217,1943,0,44,19,,54,4,29,36,63,80,23,8,35,86
6374236218,3160,0,54,48,,26,36,56,53,11,14,87,17,8,112
6374236417,2731,1,39,52,,47,26,8,9,22,7,33,28,14,44
6374236418,1924,0,30,27,,72,62,34,94,35,5,128,59,49,23
6374236502,2059,0,41,12,,90,7,60,126,67,50,71,51,6,21
6374236505,2927,1,39,59,,21,87,48,28,17,64,120,72,104,18
6374236507,1845,1,28,38,,126,14,48,96,35,64,85,76,46,23
6374236508,2577,0,38,40,,27,31,11,99,93,87,119,104,44,39
6374236510,1757,1,11,40,,111,82,33,74,96,112,90,11,10,102
6374236513,2222,0,41,30,,67,97,41,14,73,71,74,56,83,23
6374236606,1886,1,4,35,,43,64,85,74,12,34,108,33,99,56
6374236610,3298,0,43,33,,126,64,69,67,101,9,2,106,31,54
6374236908,2425,0,45,34,,83,26,2,106,47,39,29,90,44,25
6374236909,2594,0,49,44,,27,9,74,96,6,123,40,23,13,76
6374236912,2515,1,41,31,,14,30,35,84,73,21,26,32,44,25
6374236913,2145,0,46,39,,87,14,32,45,25,90,119,60,41,71
6374236915,2587,1,25,61,,5,129,68,63,35,38,2,49,48,45
6374237011,2606,1,39,32,,39,14,102,83,94,84,2,23,100,70
6374237016,2694,0,44,52,,26,84,104,1,39,70,101,25,129,21
6374237501,650,1,3,11,,101,35,108,67,47,58,64,104,84,10
6374237507,2147,1,28,43,,37,50,99,18,121,90,13,68,71,67
6374237516,2632,0,47,30,,76,103,88,41,30,8,86,35,136,22
6374237605,1523,1,6,25,,83,35,114,108,84,5,105,104,25,12
6374237606,3313,0,39,44,,39,128,8,96,9,5,136,6,70,101
6374237609,3230,0,49,44,,123,63,88,129,11,97,119,36,54,106
6374237611,2611,1,38,36,,7,26,8,28,86,36,72,33,129,67
6374237613,2238,0,33,27,,30,40,22,12,42,50,26,81,13,89
6374237614,3029,1,37,55,,26,100,2,7,35,50,30,104,81,6
6374238402,2513,1,28,47,,86,16,48,94,64,28,100,32,107,75
6374238406,2672,1,44,46,,76,8,86,60,7,75,31,42,35,28
6374238410,2028,1,32,51,,72,136,10,104,39,111,14,129,42,76
6374238413,2438,1,34,50,,31,18,1,87,36,74,5,129,70,47
6374238509,1827,0,35,26,,3,47,99,11,15,26,79,23,48,22
6374238510,3045,0,43,33,,114,86,96,93,34,9,84,71,73,94
6374238511,1957,0,30,13,,87,14,97,126,1,34,89,63,128,105
6374239008,3332,1,45,40,,33,15,18,26,39,84,90,119,80,126
6374239010,2181,1,12,45,,87,45,49,70,121,96,21,53,113,14
6374239013,2213,0,48,22,,68,87,2,45,44,135,8,74,89,32
6374239117,2597,0,44,41,,107,119,102,48,17,89,33,11,55,19
6374239118,2930,0,53,34,,114,7,128,76,78,105,30,28,72,46
6374239201,2087,0,42,23,,35,85,49,54,47,87,90,14,59,44
6374239807,1861,0,27,15,,27,20,42,102,45,86,90,96,46,4
6374239813,2273,1,27,54,,121,8,19,13,37,96,45,88,74,56
6374239819,2410,0,45,36,,30,50,8,16,59,64,105,17,104,10
6374239914,2181,1,15,23,,86,102,44,28,64,26,47,89,25,11
6374239916,1990,0,52,41,,107,30,71,67,25,34,129,3,48,14
6374239919,1483,0,28,8,,5,123,42,104,25,40,11,62,21,8
6374240604,1971,1,27,47,,62,101,93,87,104,5,74,42,51,114
6374240613,3485,0,70,51,,44,87,86,28,43,33,39,84,6,34
6374240614,3171,1,44,55,,30,51,14,44,22,35,123,69,32,65
6374240619,2551,0,66,28,,30,78,44,51,59,35,27,119,73,99
6374240700,2471,0,46,31,,21,43,98,31,41,83,33,80,67,54
6374240708,2416,1,16,34,,64,7,49,54,39,85,108,36,3,106
6374240716,2088,1,17,61,,14,5,36,136,70,83,35,18,6,26
6374240718,2638,0,38,30,,26,86,109,21,17,30,114,113,135,45
6374241401,2574,0,63,47,,31,16,100,67,76,101,99,64,41,35
6374241402,3678,0,54,58,,52,72,54,45,75,88,129,17,39,1
6374241403,2200,0,52,41,,136,7,33,6,93,91,135,39,97,105
6374241405,3067,0,52,47,,93,97,119,35,34,14,30,48,42,41
6374241414,1862,0,38,14,,14,121,8,108,74,75,88,94,22,30
6374242104,2312,0,39,29,,72,104,86,6,76,27,21,26,54,129
6374242105,3688,0,54,48,,35,50,44,129,3,121,54,83,21,12
6374242109,2229,1,33,55,,26,14,101,42,23,87,58,74,81,12
6374242116,1864,0,34,20,,66,86,77,70,39,105,9,11,32,8
6374242216,3674,1,42,36,,37,26,10,135,54,7,119,44,96,63
6374242217,1882,1,13,37,,14,5,10,136,35,64,128,23,11,42
6374242218,2488,0,37,25,,40,83,36,8,52,31,7,29,74,41
6374242900,2229,0,33,24,,47,104,74,63,106,21,111,67,13,35
6374242901,2392,1,31,63,,30,26,104,64,70,25,45,20,97,18
6374242903,1488,0,34,5,,22,26,60,19,101,88,58,6,23,10
6374242910,2420,0,49,33,,40,83,8,14,76,5,27,17,104,42
6374242912,2775,0,57,52,,97,14,13,6,15,22,27,106,85,41
6374242917,2847,1,26,49,,101,7,2,9,1,35,40,62,32,36
6374242919,2300,0,49,33,,126,68,36,74,12,101,96,67,87,76
6374243017,3387,0,47,43,,37,123,23,44,11,30,85,89,43,18
6374243018,2577,1,49,40,,30,90,99,6,120,101,7,29,67,25
6374243704,2755,1,43,46,,19,8,99,47,126,51,102,87,104,35
6374243706,2643,1,51,47,,20,27,104,8,52,84,110,120,21,6
6374243708,2473,0,53,27,,86,7,74,108,6,40,123,8,45,23
6374243716,2175,0,40,28,,129,111,12,108,75,85,119,98,77,48
6374243802,2271,1,18,40,,79,27,35,71,12,84,101,99,94,76
6374243803,2057,1,15,64,,40,71,94,44,50,48,107,114,26,93
6374243814,3705,1,46,52,,14,48,27,25,41,30,64,81,102,22
6374243817,1839,1,21,35,,119,136,104,48,45,14,20,23,17,42
6374244301,2217,1,33,43,,75,11,2,10,64,14,62,35,8,71
6374244303,2307,0,47,31,,7,71,37,1,11,101,64,70,88,25
6374244304,2107,0,49,31,,84,136,121,26,41,68,21,40,8,34
6374244308,2417,0,44,25,,85,14,9,86,12,110,135,21,87,6
6374244311,3189,0,44,37,,120,75,39,27,8,57,33,23,21,18
6374244316,2507,1,30,56,,86,93,36,56,14,8,79,30,108,22
6374244317,1554,0,23,7,,30,88,16,42,39,33,26,97,11,25
6374244318,2519,0,41,39,,59,27,68,42,114,105,71,15,34,126
6374244403,2731,1,52,49,,84,101,23,35,90,76,105,28,8,13
6374244406,2267,1,29,72,,70,62,5,129,25,26,20,15,29,17
6374244409,2389,0,38,38,,91,63,2,72,75,74,71,129,45,42
6374245101,1979,0,31,19,,26,40,113,47,41,84,107,44,85,11
6374245112,2094,0,42,20,,20,31,15,48,13,136,23,41,84,40
6374245114,2272,1,26,46,,102,51,14,63,129,26,71,98,70,22
6374245209,1015,0,25,9,,71,84,29,6,46,88,76,104,30,81
6374245217,2362,1,19,48,,84,90,35,44,14,31,27,33,46,47
6374246110,2655,1,24,37,,87,50,28,6,70,16,123,12,39,86
6374246111,2461,1,29,48,,34,8,18,51,101,104,32,44,15,95
6374246700,2167,1,20,34,,120,26,88,8,2,14,72,42,16,36
6374246709,2649,0,49,51,,27,99,6,74,18,71,85,30,46,63
6374246712,2145,1,33,47,,84,126,104,36,95,81,105,30,14,70
6374246713,2335,1,38,48,,9,6,68,97,41,31,51,62,17,46
6374246714,2227,0,44,31,,123,31,77,43,1,6,22,75,96,23
6374246810,2026,1,37,41,,39,44,99,30,29,89,61,6,63,93
6374246814,3614,0,47,48,,9,26,42,25,29,123,64,14,129,41
6374247208,1862,1,32,50,,136,5,84,44,35,26,128,19,8,76
6374247209,2069,0,44,42,,101,37,60,20,56,2,27,55,36,70
6374247210,2029,1,18,56,,123,78,96,15,70,20,71,6,99,86
6374247217,1803,1,19,37,,64,27,35,104,76,128,3,10,62,126
6374247300,2796,0,48,40,,40,14,95,71,59,27,136,16,114,13
6374247301,2368,1,41,58,,87,51,78,47,93,27,29,34,5,67
6374247313,2080,0,42,21,,105,42,64,25,44,96,121,50,35,54
6374247315,2447,1,34,40,,14,128,59,1,17,57,31,47,28,44
6374247900,2435,0,48,31,,14,107,9,126,42,74,31,41,136,7
6374247908,2360,0,34,29,,101,25,64,104,44,80,121,75,1,13
6374247919,2508,1,29,49,,68,20,8,16,126,84,87,108,6,92
6374248005,2381,1,30,57,,14,101,41,71,11,123,63,104,70,74
6374248009,843,1,3,13,,67,92,110,66,37,70,6,59,53,5
6374248712,2815,1,36,46,,76,50,30,99,6,84,5,110,42,13
6374248713,2587,1,24,34,,74,95,48,15,121,44,64,32,54,106
6374248719,1863,1,20,35,,123,113,68,76,70,5,14,35,98,13
6374248805,2795,0,40,34,,121,17,98,48,11,120,39,95,47,136
6374248806,1983,0,53,40,,64,126,46,97,95,105,101,104,17,72
6374248818,1735,0,42,12,,84,83,1,96,74,44,14,2,93,86
6374248819,2453,1,32,62,,136,30,8,100,36,14,28,31,74,93
6374249617,1766,0,46,20,,39,32,21,99,60,84,5,15,10,13
6374249619,2076,1,34,45,,6,50,96,14,75,64,63,15,54,81
6374249705,2751,1,21,58,,41,106,112,96,61,68,67,27,84,108
6374249719,1791,0,36,11,,84,20,10,129,34,83,99,6,100,4
6374249803,2111,1,36,45,,85,27,93,2,126,105,26,16,1,128
6374249808,2550,1,18,50,,84,67,51,90,75,10,48,47,5,11
6374249809,2343,0,48,56,,84,71,98,52,70,110,27,93,60,106
6374249818,2050,0,36,24,,71,93,110,99,35,91,119,8,54,11
6374250514,2402,1,29,53,,111,60,21,59,105,75,2,9,65,41
6374250516,3751,0,67,39,,37,104,63,7,5,30,53,35,98,42
6374250605,2505,1,20,50,,50,110,13,120,18,84,79,104,12,82
6374250607,2232,0,32,18,,64,68,44,46,21,15,20,114,42,59
6374250615,2392,0,51,47,,14,119,74,61,93,64,66,72,40,65
6374250703,3152,1,44,61,,62,121,2,93,35,27,50,136,21,70
6374250706,455,0,6,6,,136,7,28,83,104,82,29,74,66,53
6374251514,3380,1,54,50,,27,14,13,49,6,123,63,102,70,11
6374251605,2475,0,51,53,,101,8,2,39,37,100,71,47,26,106
6374251616,1997,0,28,26,,30,40,108,17,1,87,88,129,45,54
6374251617,2511,1,40,43,,105,5,99,74,1,14,29,86,67,75
6374251711,3148,0,52,44,,128,90,8,76,96,14,35,84,75,22
6374251714,2106,1,32,55,,106,107,43,7,44,80,33,123,101,98
6374252608,2725,1,29,42,,63,31,84,104,17,19,44,97,35,98
6374252700,3691,1,45,49,,6,71,55,4,7,14,84,43,79,93
6374252702,2001,0,42,28,,107,96,62,6,82,71,44,91,70,11
6374252708,2031,0,51,20,,84,96,35,5,81,119,16,95,58,32
6374252717,1928,0,43,21,,107,5,8,83,35,74,73,7,16,41
6374252807,3439,0,42,44,,63,30,19,36,95,9,45,6,75,18
6374253814,2619,0,42,17,,25,105,114,47,21,31,99,113,110,8
6374253815,2873,0,38,23,,13,126,99,49,97,102,64,35,73,71
6374253816,1944,0,52,33,,40,135,31,75,48,14,30,74,2,6
6374253901,1789,1,25,42,,29,87,42,101,11,27,123,17,129,48
6374253905,2559,1,26,44,,112,50,15,13,1,76,87,11,16,23
6374253915,2032,0,41,30,,68,84,55,36,10,14,57,61,74,67
6374253919,2735,0,50,39,,107,40,136,12,120,91,84,21,29,22
6374254902,1636,0,29,12,,14,46,7,93,96,67,97,21,75,9
6374254909,2485,0,35,31,,84,86,99,42,10,14,63,38,95,25
6374254914,2137,0,60,34,,123,64,28,12,126,39,42,25,128,52
6374255009,1971,1,16,35,,84,76,9,41,35,123,136,74,23,42
6374255012,2274,0,49,33,,71,39,8,99,26,136,88,93,36,45
6374255013,3212,0,61,50,,20,74,56,71,120,14,100,22,44,11
6374255018,1929,1,20,28,,14,29,58,35,11,123,13,46,28,67
6374255703,2642,0,48,38,,14,71,64,10,56,27,7,13,18,36
6374255705,1887,0,51,15,,135,26,39,97,93,14,100,44,64,108
6374255708,2668,0,53,29,,84,126,2,27,1,105,98,48,101,104
6374255712,2023,0,29,8,,22,67,104,75,42,99,20,54,53,73
6374255811,3128,0,47,63,,73,90,41,60,72,10,99,59,47,95
6374255812,432,0,5,5,,50,113,42,57,6,29,28,92,82,61
6374255819,2063,1,29,44,,107,96,112,70,92,64,104,59,8,76
6374255901,2741,1,35,41,,13,75,19,1,26,35,20,105,45,4
6374256610,3962,0,50,57,,107,64,96,13,93,30,63,2,94,84
6374256614,4049,0,61,55,,84,99,9,49,93,105,86,23,6,48
6374256615,2655,0,69,30,,76,71,40,30,6,84,31,99,109,119
6374256703,2005,0,35,30,,26,21,114,14,106,107,3,97,71,48
6374256704,1752,0,47,18,,106,3,12,53,128,42,91,71,76,84
6374256705,2696,0,53,43,,31,129,86,81,126,68,83,98,109,25
6374256707,3285,1,42,54,,86,84,60,67,39,123,20,128,41,74
6374256709,3230,1,38,54,,10,76,14,72,68,84,105,39,32,12
6374256716,2485,0,52,28,,14,22,39,44,64,9,136,126,8,21
6374256805,2414,1,29,59,,58,16,51,41,136,30,49,101,110,8
6374257414,2797,0,47,29,,9,14,112,11,63,20,71,109,79,60
6374257419,2179,1,42,38,,104,84,40,10,109,14,30,90,42,75
6374257503,1832,1,20,42,,40,87,48,99,17,63,42,16,5,21
6374257511,2452,1,27,50,,128,7,67,22,16,14,20,54,76,32
6374257513,2670,1,45,53,,88,3,12,2,39,40,112,59,21,6
6374257514,2024,0,40,14,,21,16,86,104,8,71,72,2,1,120
6374258205,1941,0,49,30,,121,32,40,25,39,104,5,50,126,106
6374258209,2247,0,40,29,,37,79,44,11,47,14,71,113,62,114
6374258210,2057,1,19,42,,62,53,77,74,42,30,79,60,44,35
6374258219,1978,1,30,48,,101,64,47,6,22,62,27,35,69,15
6374258302,2068,1,34,40,,104,27,85,35,41,100,74,49,70,21
6374258312,2515,0,48,33,,26,84,135,35,44,47,136,25,73,17
6374258314,3868,1,61,61,,34,27,14,108,67,26,35,129,39,1
6374258317,2243,1,13,46,,83,88,76,23,44,26,63,56,35,74
6374259002,2277,0,37,28,,39,128,7,54,11,84,83,13,1,92
6374259014,2235,1,32,49,,71,99,39,83,136,128,129,114,5,11
6374259016,2145,0,46,27,,49,76,33,41,128,14,88,35,85,19
6374259017,2389,1,26,37,,110,105,73,87,46,27,84,121,86,56
6374259018,2271,1,16,39,,102,101,44,83,35,84,121,77,76,94
6374259119,2233,0,43,21,,55,21,42,59,126,36,83,7,53,47
6374260805,3133,0,50,42,,71,105,41,21,10,30,74,8,97,47
6374260808,2006,1,23,27,,39,63,71,50,109,123,68,85,135,74
6374260811,1725,1,18,42,,51,87,67,121,1,14,29,39,81,84
6374261606,2718,0,52,30,,86,26,60,76,93,83,88,2,11,1
6374261607,3991,0,61,62,,128,26,114,86,4,14,64,39,2,35
6374261619,1862,1,21,36,,14,71,12,34,69,6,4,86,8,2
6374261703,2082,1,29,36,,128,11,50,19,70,75,76,1,71,126
6374261713,3084,0,52,32,,83,27,98,109,74,121,26,99,8,34
6374261714,2346,1,33,56,,64,14,100,41,13,63,84,98,74,102
6374261716,1821,1,14,39,,11,14,72,36,37,30,96,31,106,10
6374261717,2114,0,48,32,,26,70,136,8,11,123,83,104,44,35
6374262503,1991,0,37,34,,107,101,38,42,23,100,27,72,70,74
6374262505,1942,0,40,33,,14,16,86,78,42,37,62,98,1,11
6374262506,3656,1,50,44,,33,20,42,21,70,104,30,86,48,39
6374262514,1917,0,57,22,,136,126,3,114,1,83,21,34,120,44
6374262518,2592,0,43,45,,43,26,96,41,84,7,87,126,86,44
6374262611,2784,1,21,54,,22,104,26,32,21,35,90,76,59,99
6374262618,1974,1,24,45,,14,20,7,1,34,21,84,33,39,41
6374262619,2304,1,26,33,,64,39,102,25,59,90,100,43,1,21
6374263600,2196,1,28,33,,27,9,98,41,74,14,23,123,84,70
6374263601,2545,1,38,46,,83,112,23,6,126,103,86,16,35,44
6374263604,1439,0,27,6,,5,91,54,22,42,101,87,1,104,34
6374263605,2661,0,59,33,,17,112,30,12,103,21,8,10,85,2
6374263701,1764,0,34,17,,83,63,109,39,104,14,126,1,26,10
6374263706,2765,1,17,36,,31,71,16,94,67,26,35,6,84,98
6374263708,2659,0,47,45,,75,67,14,43,73,15,71,18,21,22
6374264306,2359,1,40,49,,31,64,33,94,46,30,93,59,13,48
6374264308,1584,0,47,26,,8,75,71,59,70,14,64,49,44,105
6374264311,2980,1,36,51,,21,75,1,61,104,78,100,35,102,12
6374264312,2498,1,37,45,,39,71,26,109,7,101,1,29,106,72
6374264313,1667,1,12,37,,26,119,48,96,106,5,19,129,126,72
6374264314,1943,0,46,25,,75,126,13,98,54,63,5,2,44,136
6374264405,2447,1,36,46,,50,72,73,34,10,123,107,71,6,61
6374264410,2192,0,43,26,,44,27,71,101,106,84,34,25,73,1
6374264416,3950,0,64,38,,105,129,97,95,23,30,62,98,94,17
6374265308,2363,1,13,40,,14,89,68,72,11,53,74,16,48,66
6374265312,1775,0,54,36,,37,50,16,11,1,68,101,85,15,106
6374265313,1911,0,44,33,,5,15,121,80,104,27,60,88,43,1
6374265316,3761,0,44,54,,26,9,1,120,21,14,74,30,63,84
6374265317,2274,1,40,26,,86,14,62,94,63,105,64,11,10,2
6374265319,3053,0,51,42,,36,85,136,42,64,96,52,94,44,20
6374265402,2026,0,56,37,,26,14,7,5,89,107,62,98,41,34
6374265418,2892,1,43,59,,27,59,68,96,112,26,8,21,128,54
6374265500,2152,0,37,40,,68,35,6,107,94,20,16,121,17,18
6374266105,2262,0,40,32,,27,55,96,63,23,129,101,21,48,71
6374266106,2587,0,52,32,,87,26,8,98,91,40,104,107,44,76
6374266107,1539,1,13,29,,5,76,121,41,59,83,22,1,2,11
6374266108,2574,0,47,18,,50,73,67,75,108,106,14,41,97,40
6374266109,1674,1,15,31,,74,50,90,104,94,68,25,2,44,17
6374266110,3101,0,56,63,,121,120,71,95,73,22,83,4,6,106
6374266207,2703,1,29,52,,15,7,70,14,39,62,34,16,6,89
6374266208,3060,0,41,28,,94,119,30,71,39,64,123,34,41,16
6374266209,2747,1,21,40,,78,74,76,50,11,119,104,26,10,12
6374266901,2442,1,30,40,,48,50,57,42,126,128,63,33,13,35
6374266915,2644,0,40,31,,19,71,22,63,12,27,31,54,104,126
6374266917,1852,1,12,29,,136,48,64,21,94,9,85,70,78,74
6374266919,3319,0,53,43,,87,63,84,4,6,101,100,28,18,35
6374267001,2562,0,58,38,,39,30,22,69,44,76,120,89,35,129
6374267010,3294,1,46,53,,100,120,50,44,106,20,87,104,6,21
6374267011,2659,0,45,41,,90,106,104,74,27,71,112,62,83,1
6374267014,3156,1,67,54,,14,26,42,129,39,135,88,72,96,74
6374267802,2689,0,58,43,,21,57,14,40,41,46,48,27,97,33
6374267814,2200,1,32,46,,71,84,62,104,36,64,44,99,86,23
6374267817,1935,1,24,34,,26,128,126,54,46,111,23,21,129,12
6374267818,1860,0,40,22,,119,26,6,60,126,97,16,23,74,70
6374267901,2273,0,35,35,,35,5,7,4,48,86,111,70,126,98
6374267911,2024,0,60,22,,26,121,4,109,23,14,30,16,99,70
6374267915,1591,0,36,15,,71,85,56,119,39,91,72,41,96,82
6374268302,2712,0,57,44,,26,129,19,74,44,14,27,10,49,63
6374268401,1899,0,36,34,,69,86,63,32,10,87,114,136,44,76
6374268409,2152,1,12,43,,63,72,39,5,42,37,14,49,41,76
6374268901,1390,1,6,19,,75,84,71,19,54,20,120,39,88,44
6374268902,1312,0,17,7,,83,11,48,102,36,8,9,44,26,28
6374268904,2033,1,20,51,,72,59,87,30,70,9,5,8,7,41
6374268911,3315,1,38,67,,3,129,101,22,32,86,33,21,7,94
6374268913,2523,0,50,33,,126,69,39,6,45,5,33,18,25,82
6374268915,3026,0,56,38,,84,33,9,54,71,11,23,86,21,40
6374268917,2067,1,12,43,,83,87,48,10,39,58,99,64,11,94
6374269005,1809,0,30,23,,14,102,75,64,42,26,27,2,6,67
6374269008,2547,0,47,38,,112,21,36,93,48,67,4,30,5,56
6374269304,1897,1,20,50,,15,97,99,62,45,72,8,18,95,17
6374269307,2742,1,42,52,,31,84,17,63,54,129,26,11,16,106
6374269311,3827,0,49,47,,34,74,104,8,53,87,26,67,64,21
6374269312,1891,1,16,39,,5,27,48,74,16,43,68,11,49,1
6374269316,3339,0,55,46,,75,64,22,60,80,123,34,126,121,46
6374269415,2153,1,29,35,,31,27,2,63,39,44,74,87,136,26
6374269706,2271,0,35,27,,126,50,57,1,16,14,18,106,60,30
6374269802,2251,1,43,60,,40,45,70,100,54,26,120,87,22,44
6374270204,1402,0,47,10,,14,50,54,4,22,73,99,58,74,114
6374270205,3785,1,49,73,,25,135,67,65,39,14,9,47,36,54
6374270219,2669,1,28,39,,79,22,44,38,81,57,136,59,20,47
6374270301,3380,1,38,37,,72,5,63,48,17,30,69,20,21,121
6374270302,2523,0,36,33,,14,47,7,13,44,81,84,21,12,39
6374270314,2193,0,46,27,,5,84,32,135,94,14,123,86,10,104
6374270317,2569,1,46,61,,84,119,22,60,99,14,85,8,126,16
6374270401,2561,1,23,47,,123,126,85,94,97,3,51,28,39,6
6374271210,2137,0,53,26,,7,119,8,97,75,30,36,41,123,98
6374271214,1794,0,49,16,,39,62,89,23,17,71,53,60,74,48
6374271215,2907,1,38,39,,84,35,106,77,48,50,39,47,70,7
6374271216,2211,0,46,19,,14,99,40,39,6,84,18,104,93,76
6374271807,2857,0,38,37,,34,21,35,47,94,14,26,4,39,23
6374271808,2394,1,33,38,,63,14,53,8,23,87,114,1,26,106
6374271809,1906,0,42,20,,42,1,88,11,30,71,35,102,44,21
6374271810,2819,0,46,34,,70,101,27,35,60,39,123,48,14,76
6374271900,2217,0,42,20,,62,75,96,47,6,91,3,72,39,29
6374271911,2544,1,20,41,,8,90,29,13,106,71,136,12,32,120
6374271915,2762,0,49,27,,35,9,33,41,39,45,99,10,8,17
6374272611,2193,1,29,32,,119,42,54,108,36,14,13,7,12,11
6374272617,1910,1,23,67,,16,14,13,56,34,79,64,99,63,114
6374272618,2479,1,42,47,,101,26,47,6,113,30,112,11,67,29
6374272701,2310,1,31,25,,26,23,53,1,11,123,105,19,71,46
6374272703,1964,0,36,17,,71,62,8,26,21,20,99,5,70,17
6374272704,2486,1,30,57,,86,104,26,39,1,22,37,28,84,42
6374272705,2765,0,38,30,,84,121,28,43,35,112,33,119,109,21
6374272715,2850,1,38,46,,35,16,99,10,54,3,7,98,42,4
6374272717,3013,1,46,40,,112,119,59,12,99,9,39,85,104,27
6374272718,2905,0,51,20,,4,113,75,119,44,135,3,84,46,42
6374273400,2880,1,35,37,,50,27,8,22,104,105,87,69,48,13
6374273405,2029,0,45,13,,66,105,126,93,36,62,64,34,77,8
6374273406,2799,0,46,34,,136,85,35,47,112,6,58,37,95,22
6374273415,2814,1,40,55,,83,6,30,126,76,84,14,20,21,67
6374274103,2604,0,34,33,,30,9,23,1,2,40,62,60,41,10
6374274106,2400,1,27,46,,42,136,35,93,76,18,64,98,54,71
6374274107,2195,1,14,32,,84,30,6,12,17,79,87,99,46,35
6374274111,2591,0,53,26,,75,30,36,42,21,22,84,18,104,94
6374274201,2900,0,62,45,,26,40,102,42,69,105,14,70,37,97
6374274203,2120,1,33,35,,30,129,70,7,47,86,84,21,8,39
6374274205,2704,0,50,42,,30,86,28,93,76,25,119,88,70,3
6374274214,1587,0,42,15,,14,39,72,38,6,128,20,23,94,50
6374274903,2167,0,53,23,,16,119,6,1,27,71,87,98,54,59
6374274909,2464,1,37,63,,111,83,2,8,17,71,26,129,15,70
6374274912,2337,1,18,43,,55,26,65,25,1,39,128,97,22,95
6374274915,2007,0,50,21,,71,38,85,47,114,104,97,91,44,39
6374274916,1924,0,37,22,,14,100,40,42,59,87,57,104,99,48
6374274918,1723,1,22,50,,11,30,64,108,44,101,50,8,104,43
6374274919,1887,1,21,47,,40,31,129,6,44,123,72,48,1,26
6374275002,1892,0,53,16,,72,71,16,86,70,28,8,58,101,10
6374275006,2290,1,29,38,,14,26,53,6,33,50,64,48,17,59
6374275705,1806,0,30,7,,84,7,108,8,126,64,71,99,1,73
6374275711,3114,1,27,26,,47,96,94,37,64,83,112,35,8,29
6374275718,2204,1,26,35,,26,69,89,7,76,126,71,42,105,21
6374276511,2631,0,47,42,,9,26,5,8,94,32,83,100,87,97
6374276513,3203,1,42,78,,30,97,17,71,123,62,15,7,35,57
6374276515,2100,1,25,53,,35,73,121,44,126,9,85,41,96,94
6374276612,1632,0,39,9,,50,136,15,39,41,110,44,3,16,59
6374276613,2271,0,33,23,,27,71,104,42,11,14,83,18,21,120
6374277001,2465,1,29,54,,30,136,104,39,32,71,26,6,33,70
6374277002,2447,1,39,46,,21,5,99,54,30,76,14,10,23,58
6374277006,2655,1,26,40,,64,26,10,4,9,31,100,104,17,94
6374277009,2149,1,23,44,,108,99,136,48,14,5,94,23,85,83
6374277104,1966,1,21,38,,27,15,44,82,112,51,79,41,17,33
6374277107,2007,1,27,50,,22,27,23,1,71,104,14,93,28,45
6374277112,2990,1,40,53,,33,76,114,84,39,9,121,35,41,60
6374277912,2851,0,55,45,,101,84,78,23,35,26,7,73,100,76
6374277918,1942,1,27,44,,40,25,94,96,89,20,71,69,17,32
6374278813,2498,1,25,43,,47,27,15,1,22,35,44,75,114,79
6374278819,2290,0,38,28,,121,110,113,29,104,25,128,17,12,16
6374278904,1876,0,33,23,,84,53,99,81,62,26,96,42,86,39
6374278906,2583,1,38,48,,50,11,75,93,107,101,76,70,30,104
6374278908,2550,0,22,32,,71,27,52,81,54,53,50,41,76,18
6374279402,2306,1,23,55,,4,28,105,23,84,30,135,17,93,8
6374279408,2871,0,51,36,,123,26,41,7,47,14,65,84,94,93
6374279415,2434,0,40,32,,40,63,120,10,12,123,74,6,28,35
6374279416,2029,1,24,37,,30,39,64,42,21,136,111,97,48,13
6374279417,1590,1,15,49,,14,26,36,39,48,45,84,76,8,60
6374279517,2329,0,33,34,,63,35,121,16,1,34,23,4,7,71
6374280013,2009,1,23,34,,35,20,84,21,70,111,37,104,41,22
6374280015,2507,1,23,55,,14,84,47,93,106,26,9,6,49,74
6374280018,1793,0,50,21,,74,53,86,44,63,31,75,69,101,8
6374280104,2128,0,53,46,,14,30,99,8,106,87,100,67,71,105
6374280105,2232,1,27,35,,27,84,76,42,15,136,105,21,54,39
6374280107,2050,1,13,40,,101,84,54,104,96,14,22,1,35,19
6374280109,1505,1,14,26,,121,112,114,32,95,102,123,35,54,33
6374280605,2745,1,43,53,,105,83,6,14,13,90,101,28,8,22
6374280612,2510,0,37,9,,84,90,30,1,47,86,67,23,103,6
6374280700,2630,1,36,43,,20,86,99,72,25,107,50,87,59,35
6374280703,2559,1,34,61,,35,71,2,75,94,50,1,36,129,114
6374280704,2092,1,30,42,,26,95,42,51,16,14,91,39,104,72
6374280803,2459,1,25,32,,70,74,100,8,64,26,36,12,87,50
6374281508,2111,0,41,27,,101,64,104,53,44,128,30,47,8,42
6374281509,2149,0,47,18,,71,87,58,100,54,14,26,51,1,15
6374281603,2667,0,58,43,,76,41,99,36,87,67,106,84,21,42
6374281611,1653,0,32,14,,83,14,52,114,36,100,104,12,91,13
6374282406,2299,1,23,40,,3,71,93,121,89,102,57,29,76,21
6374282509,1562,1,11,37,,112,84,11,97,35,26,74,93,16,99
6374282516,2154,1,22,43,,70,123,14,64,45,76,5,93,57,4
6374283310,1902,1,19,33,,74,35,94,7,87,26,129,75,71,6
6374283311,2821,0,54,32,,14,129,2,41,47,68,98,121,46,73
6374283312,1479,0,38,18,,96,62,87,44,97,14,5,49,8,70
6374283313,2233,1,18,43,,22,14,67,60,39,62,79,120,34,8
6374283407,2623,1,31,66,,101,8,105,57,29,119,97,129,80,99
6374283409,2354,1,33,46,,91,84,2,21,8,30,42,94,7,45
6374283419,2223,1,32,50,,9,26,16,72,39,33,85,50,42,84
6374284302,2406,1,28,38,,52,33,8,109,123,14,26,44,38,114
6374284303,1827,1,22,48,,27,86,104,94,39,14,63,42,53,59
6374284401,1419,0,31,22,,64,11,59,48,53,14,8,34,104,66
6374284404,2787,1,46,51,,87,84,99,104,35,105,26,121,44,129
6374284405,2529,1,18,48,,26,68,41,47,45,62,31,44,28,113
6374284410,1588,0,32,13,,42,128,8,31,56,7,71,28,1,17
6374284512,2774,1,31,45,,101,74,18,126,106,50,31,54,99,75
6374284515,2122,1,23,61,,63,74,96,44,104,84,86,51,12,126
6374285412,1894,1,23,51,,83,27,60,100,73,66,35,18,1,75
6374285413,2011,0,42,25,,83,9,28,136,59,123,75,67,35,97
6374285502,1941,1,24,44,,62,83,74,27,114,26,86,60,34,67
6374285513,1825,0,43,16,,30,123,44,46,19,68,63,16,89,11
6374285516,1679,0,50,25,,39,94,111,51,75,50,27,78,76,93
6374285519,2296,1,21,61,,74,30,14,129,72,4,28,64,75,27
6374285602,2448,0,24,27,,21,5,44,56,42,75,7,67,20,39
6374285613,1994,0,46,20,,9,30,44,14,65,27,112,126,76,48
6374286604,2591,1,34,38,,33,13,19,128,48,53,90,72,105,56
6374286617,2237,1,26,40,,6,86,47,85,50,26,71,60,64,54
6374286714,2547,0,47,29,,22,26,75,120,32,74,5,71,123,70
6374286716,1914,1,23,29,,14,76,26,48,63,31,71,34,136,44
6374286717,2527,0,43,34,,86,44,97,36,89,14,17,123,62,67
6374286718,1432,1,10,28,,14,105,5,47,12,26,119,126,41,53
6374287617,1906,1,17,44,,10,136,129,25,88,30,83,76,12,17
6374287701,2574,0,60,28,,112,11,100,7,70,27,136,8,2,65
6374287714,2085,1,33,47,,83,27,70,29,104,14,85,71,126,8
6374287715,1570,1,8,42,,5,64,42,2,7,63,114,81,12,27
6374287716,1993,0,39,17,,80,121,5,8,6,58,74,35,54,32
6374287719,1999,1,11,63,,30,22,120,6,114,54,7,109,70,99
6374287801,2205,0,39,34,,83,71,55,18,54,14,25,94,80,91
6374287810,2335,1,25,43,,74,64,35,26,8,111,85,6,55,17
6374287813,2487,1,19,43,,119,75,69,83,44,9,93,80,35,40
6374288507,2483,1,24,58,,71,101,46,2,54,50,63,84,18,4
6374288508,2482,1,32,54,,70,86,62,90,129,84,99,7,106,35
6374288605,2473,1,39,32,,71,75,23,11,89,83,21,129,84,93
6374288619,1985,1,14,46,,110,5,99,43,44,69,27,106,114,72
6374289510,2462,1,36,54,,68,101,99,13,42,136,47,8,22,106
6374289512,2197,1,28,42,,84,87,120,113,1,62,9,86,65,48
6374290209,1789,0,25,17,,19,27,81,18,74,9,3,14,17,70
6374290214,2114,0,40,18,,33,123,8,104,39,29,26,51,109,47
6374290300,2185,1,14,45,,64,51,39,58,54,100,103,13,102,44
6374290307,2219,1,33,36,,39,21,41,113,75,107,15,23,97,25
6374291105,1971,0,30,23,,85,74,60,5,12,88,83,70,10,59
6374291808,2039,1,17,41,,31,85,72,106,35,9,68,42,99,88
6374291900,2186,1,17,34,,80,121,3,76,41,30,86,108,8,75
6374291901,1825,1,12,29,,25,136,1,50,36,85,126,49,93,75
6374294401,1748,1,27,56,,85,129,112,70,126,84,25,11,48,44
6374294403,1839,1,13,30,,91,51,39,129,12,9,84,97,6,65
6374294412,1918,0,43,13,,5,129,41,9,74,63,30,43,104,109
6374294415,1935,0,53,17,,71,14,93,13,75,1,21,85,62,86
6374295307,2004,0,46,23,,9,114,35,2,51,26,28,7,36,70
6374295400,1976,0,48,18,,29,27,14,32,4,9,64,108,93,104
6374295403,1607,1,20,39,,84,111,99,54,34,27,81,11,70,33
6374296402,1653,0,38,20,,84,37,74,60,73,83,63,44,17,39
6374296415,1881,1,17,37,,64,84,46,104,58,99,35,14,75,106
6374296510,1710,0,43,18,,14,21,15,82,65,129,104,70,28,25
6374297112,1646,1,15,28,,74,104,112,101,54,83,22,23,44,46
